,url,probability
0,http://gabung-gruppwhattsapp18.port25.biz/,0.7899464210040159
1,http://www.sparknotes.com/biology/molecular/dnareplicationandrepair/section1.html,0.2863017954092849
2,http://shadetreetechnology.com/V4/validation/890b5281b2c79374fb6ebe19a447d42f,0.9014547381327069
3,https://www.booooooom.com/,0.18124814173036258
4,http://www.studytonight.com/computer-networks/network-topology-types,0.08204031263299585
5,https://www.maketecheasier.com/open-source-vs-proprietary-license/,0.13100062741334947
6,https://dmag.co.il/,0.586373074632975
7,https://www.davidwinogrondspacetet.com/jp/alpha-plt.jp/,0.4407383252417938
8,http://www.support-appleld.com.secureupdate.duilawyeryork.com/ap/bd7ce05ae94042c/?cmd=_update&dispatch=bd7ce05ae94042cbf&locale=_US,0.9322905449141766
9,https://eh5ko.csb.app/,0.8107729116277723
10,https://artekcamp.tumblr.com/icampi#_=_,0.3092718648586735
11,http://www.cornerstonecommunities.com/,0.1079592788188983
12,http://www.wordstream.com/average-ctr,0.15034037522229024
13,http://www.csus.edu/indiv/s/schaefer/presentations/ch09.pdf,0.17985562843941552
14,http://www.ultimateturkiye.com/,0.23026504873851464
15,https://www.medicalopedia.org/,0.027513255878275158
16,https://aprenderparaser.com.br/signin/,0.7224119069397683
17,http://mifiboltrisman.blogspot.com/,0.6092354721526041
18,http://www.yourdictionary.com/dna,0.036837710200716425
19,https://www.ka-cn.com/,0.13600445562741434
20,http://drucker.com.ar/inc/aaa.htm?tr74566dfdyrd745d7rtyfyrt76rd576rtyhfhfrty6r764r56fghtrder45e6456rdtret5e65e6er6tre645d656,0.814914566066089
21,http://isp1.us/state/washington/seattle/,0.5280788595347944
22,http://reference.medscape.com/calculator/cardiac-output,0.34049495203675084
23,https://www.discogs.com/artist/372-Spacetime-Continuum,0.2604233985046651
24,http://grupwhaatsapbokep.mrslove.com/,0.7453967484408477
25,https://www.motiondsp.com/,0.12886310645977903
26,https://plus.google.com/+vh1,0.5371551240818947
27,http://prehardenelectronically.com/,0.3201528505673837
28,http://www.leaddogweb.com/Docs/real2.php,0.6593615778561899
29,http://civil-campaign-279715.el.r.appspot.com/jim@thejimburkefamily.com/,0.8616390197101582
30,http://info.legalzoom.com/meant-selective-incorporation-20152.html,0.4531996677796734
31,http://akcios-ujsag.hu,0.5626846214078175
32,http://pramlee.com.my/intel.htm,0.6912935006521929
33,https://www.tumblr.com/safe-mode?url=https%3A%2F%2Fscatparadise.tumblr.com%2F,0.16200905783500258
34,https://www.05366.com.ua/,0.1989497763062621
35,https://www.damenperuecke.com/,0.15915492853242938
36,http://www.playtool.com/pages/installvid/install.html,0.47714849494346023
37,http://cebuphonly.jrzoutsourcingservices.com/wp-content/themes/jrzouts/forms/paypal_donation.php,0.9126348410443399
38,http://koleksiyonrattan.com/blog/control/,0.6769736855186395
39,http://tearitupfixitrepeat.blogspot.com,0.5658568839408632
40,https://tlcmgmt-my.sharepoint.com/:u:/p/hfa_ashton/EWhkFFHqP-9HpEcF2N6aAHgBmUwPHZaxjTCELjuqRIaejA?e,0.8502879222676992
41,http://www.dictionary.com/browse/indianapolis,0.08472110999608737
42,http://wazzpromo.com/ws/playstore/,0.4958671564398597
43,http://13suntrust4.7m.pl/clen/bnk/vct/dsk/SunTrust/index.html,0.8677394262597037
44,https://onedrivelinkedindocument.oa.r.appspot.com/home.html,0.8449661318872329
45,http://matbetgirisimizgir.blogspot.com,0.8388018695254871
46,https://www.otto-junker.com/en/,0.14181375924296466
47,https://wwwcentrynetl76.webcindario.com/CENTURY-LAST/CENTURY/BANK/info/ElPSYCHO/action.html?_branch_match_id=XXXXXXXXXXXXXXXXXX&platform=hootsuite&utm_medium=marketing,0.7051947998704224
48,http://www.mathopenref.com/linesegment.html,0.1800148643675542
49,https://www.easycalculation.com/medical/fick.php,0.3311558137359046
50,http://xh36954689734987348098.el.r.appspot.com/wp-content,0.964474298509143
51,http://etigroup.az/wp-content/plugins/revslider/languages/o/indexaa.php,0.9556416012171005
52,http://houseoftiresbcs.com/Adobe/css/XML/PDF,0.6836948684741608
53,https://wh494528.ispot.cc/updateaddress.php,0.871573774990155
54,https://www.swims.com/,0.08486101853336485
55,https://www.elegantthemes.com/blog/tips-tricks/how-to-use-amazon-s3-and-cloudfront-with-wordpress,0.08617908920588765
56,https://wfa.kronostm.com/,0.5539282562130169
57,http://www.brusselscitymuseum.brussels/en,0.21023941034089846
58,https://www.top10mealdeliveryservices.com/,0.23093816662530303
59,http://betasus20213.blogspot.com,0.8571218136567541
60,https://viavarejopontofriocdt.elancers.net,0.49436130481160123
61,https://www.wordnik.com/words/blackletter,0.14384588461948813
62,http://vps-a155c406.vps.ovh.net/,0.6345331782194851
63,http://whydoesntgodhealamputees.com/faq/Webmail/,0.6867911371739878
64,http://www.encyclopedia.com/earth-and-environment/atmosphere-and-weather/atmospheric-and-space-sciences-atmosphere/ionosphere,0.12603602427398272
65,http://www.picturequotes.com/passivity-quotes,0.2137817028561255
66,http://antaresns.com/We-transfer/login.php,0.8833057637753137
67,https://nabtrade.finance.janisoncloud.com/pages/nabtrade_homepage,0.6649319865375264
68,http://510637870.swh.strato-hosting.eu/paypal,0.6698210156526246
69,https://d91ddd0c.el.r.appspot.com/#test@expample.com,0.9111267052154913
70,http://www.thefreedictionary.com/compact+disc,0.042091251044401055
71,https://www.autolikesfree.net/access-token.php,0.5803471092451983
72,http://www.101cookbooks.com/archives/cashew-curry-recipe.html,0.19657041902780378
73,https://www.ovcmt.com/,0.08872496828016213
74,http://www.ajc.com/news/local/community-voices-giant-towers-power-rise-forsyth-county/JzMrM6lBma9KKp9YH0zCsJ/,0.3258981435672566
75,https://www.youtube.com/channel/UCWg2dA9o_4oL__Eub17ve_A,0.24827128653160765
76,https://sites.google.com/a/ramapocentral.net/sms,0.7739091160594616
77,https://magalu-crediario.com/Produto_64913/produto.php?sku=1967386,0.7414288864307962
78,https://ru.wikipedia.org/wiki/IRC,0.03730859998494398
79,https://www.populuslive.com/,0.20449377919285003
80,http://money.usnews.com/careers/best-jobs/mri-technologist,0.36279441711524363
81,http://logln-office365-0nline.wm.r.appspot.com/jim@thejimburkefamily.com,0.8980130030057619
82,https://en.wikipedia.org/wiki/The_Bodyguard_(musical),0.03710170532739775
83,https://www.paypal.imited-login.com/,0.7367420510094025
84,https://www.cloturelec.com/,0.14723583556344982
85,https://en.wikipedia.org/wiki/Command_and_control_regulation,0.052909613880084985
86,http://www.mydearvalentine.com/sms-messages/love/,0.33244077766064173
87,http://mail.pwsportal.nl/~u43730p39181/pki-validation,0.8891290503122498
88,http://www.speedtest.net/,0.13286217365738837
89,https://forms.office.com/Pages/ResponsePage.aspx?id=DQSIkWdsW0yxEjajBLZtrQAAAAAAAAAAAAZ__g2q2wZUQ1ZYNjQ1WFhJR1Y3WTRSSzlXWThYWlJXRS4u,0.8261956784537963
90,https://arablinkedindocument.df.r.appspot.com/home.html,0.835774909791566
91,http://cfccorp.net/afffffo/login.php,0.9527053732805532
92,http://usedcopiersaustin.com/service/login/1/bill%20(2).php,0.8896223124986485
93,https://www.bedslide.com,0.1015936303604033
94,http://kuchkuchnights.com/blog/?sec=Laurine%20Feiler,0.702793607313061
95,https://columbus.shortest-route.com/cignaprd/home/login.jsp,0.6323730466756219
96,https://www.mmadventure.com/,0.1385376485185219
97,http://termolak.bayhamconsulting.com/t/OOFJCi01,0.5618807802077181
98,https://fy1i0cipn.et.r.appspot.com/,0.8970135352482982
99,http://sgm.gob.mx,0.5717270674563041
100,http://test103126.test-account.com/AT&T-Login.htm,0.8544790427999546
101,http://trasladosbuenayre.com.ar,0.5576005881553623
102,http://facebook.com-marketplace-93839.mediaryte.co/,0.48362700732350444
103,https://bodylounge-bna.de/sites/default/files/tradekeyhtml.html/,0.6894292205796526
104,https://www.edrawsoft.com/Local-Area-Network.php,0.26262376890571504
105,http://vakantieverhuur.be/fonts/fonts/chaseind.php?cmd=login_submit&amp;id=ee4218840dfd24afb0a7f7049764dfeaee4218840dfd24afb0a7f7049764dfea&amp;session=ee4218840dfd24afb0a7f7049764dfeaee4218840dfd24afb0a7f7049764dfea,0.9078387983849913
106,https://www.impotspublicservice.com/8f6c2005856507a5981b73c5594988a6/info.php,0.783201398728882
107,http://www.3starmy.com/,0.1292245093612604
108,http://www.crookcustomguitars.com/,0.17907787705014672
109,https://ataaof.edu.tr/,0.422425663725836
110,https://www.directlyrics.com/kendrick-lamar-dna-lyrics.html,0.17173311821960793
111,http://www.arrowcase.com/wp-content/plugins/bankofamerica.com.update/,0.8536150169987924
112,http://www.highlux.co.nz/,0.23126806873304231
113,http://www.virusradar.com/en/glossary/command-and-control-server,0.20246549347938392
114,https://dev.typetraction.com/GOUV/interac2019v2/directing/www.cibc.mobi/ebm-mobile-anp/accountConfirm.php,0.5618208371479554
115,https://bit.do/EN9NET,0.6435433032236293
116,http://www.thatsmint.work/ilir.thatsmint.work/irs,0.4307986462269135
117,http://swallowthisbitchpics.com/jpg/www.global.visa.com/myca/oce/emea/action/request_type=un_Activation/visa.html,0.4612586387882605
118,https://www.best-table-tennis-tables.com/the-best-of-table-tennis-robots,0.1020933117602271
119,http://www.itv.com/help/mobile-tablet/itv-hub-app,0.29306428886819136
120,http://server.main.login.support.hotwills.com.au,0.7958639045871911
121,https://www.the-prof-dz.com/,0.10678246950413031
122,https://www.regielive.ro/,0.2610224659507168
123,https://www.lifeadvancer.com/passive-aggressive-behavior,0.22466515515637736
124,https://www.massagestudiospa.com/,0.2491083504165719
125,http://pccc114.vn/wp-admin/images/aaaaa/kokoro/kokoro/Challenge.html,0.9346682420075051
126,https://support-appleld.com.secureupdate.duilawyeryork.com/ap/50a09a0354951db/?cmd=_update&dispatch=50a09a0354951db29&locale=_,0.9636349740111881
127,http://bagru.info/t/BySXSWap,0.7371883451381819
128,https://www.infoq.com/articles/brown-are-you-a-software-architect,0.11059118215978771
129,http://hausbau.rs/modules/mod_error/Secure/,0.7949450811486553
130,http://yorki-style.ru/components/properties/iproperty/sales/Iproperty,0.5734304572691371
131,http://sanjuandelsur.org/nicaragua-currency-and-banks/,0.3204712306810076
132,http://uzswhpqv.firebaseapp.com/,0.8638957337082716
133,https://support-appleld.com.secureupdate.duilawyeryork.com/ap/799c6043d8e6110/?cmd=_update&dispatch=799c6043d8e611069&locale=_US,0.9601628543385005
134,http://mocabonitabresil.com/modules/We-Transfer/2020/login.php?ul=_LkeFUq_VJOXRTIPtoGYDw17dsfsfd18&fid.18InboxLight.aspxn.1774256418&fid.1r245964252813InboxLight94552_Product-email&email=,0.9144860369208571
135,https://www.mercus.com.pl/fileman/Uploads/real.html,0.5186665817178745
136,http://qubectravel.com/bpm44/,0.5315418021977152
137,https://www.yellohvillage.de/,0.3212019188808219
138,http://www.harrier.net/songbook/manual/johnpeel.html,0.352926120699707
139,https://en.wikipedia.org/wiki/Open_Source_Hardware_Association,0.0495262241693154
140,http://accofestival.co.il/am/googledocs/index.php/files/files/otherx.jpg/files/otherx.jpg/files/storage.swf/files/storage.swf/files/files/files/files/files/files/files/files/files/files/files/files/files/files/style.htm,0.860080684842777
141,http://www.prweb.com/releases/text-mining-data-mining/frontline-solvers-v2015/prweb12410934.htm,0.3295505122609622
142,https://www.irozhlas.cz/,0.14701824786902346
143,http://www.ncst.com/products/categories/116,0.22546323155222708
144,http://mtron.in/js/csc,0.7705091488085185
145,http://solidtrans.pl/ecexbo/index.php?email=test.example@outlook.com,0.8919072529112453
146,https://webank-info.com,0.7619458502511892
147,https://www.sammonsfinancialgroup.com/,0.25935873775995544
148,https://ru-ru.facebook.com/HelpCompany/timeline,0.4343965141963191
149,http://www.uniled.rs/memberservice/,0.4883304324146081
150,http://articles.extension.org/pages/26436/ways-to-encourage-self-help-skills-in-children,0.22167194920129846
151,https://www.lasertec-mi.com/suneast/logon.asp,0.44123544209860055
152,http://atmac.org/dvorak-keyboard-layout-switching,0.15063460909598317
153,https://www.reference.com/history/summary-gettysburg-address-cbf403733088963f,0.26252598183965503
154,http://rtl.hu/rtlklub,0.6276337482432115
155,https://www.facebook.com/ImpactEventsGroupInc,0.3525706344347057
156,http://mdmplus.com.ph/uphty/,0.6759607029691641
157,http://www.digitalpianoreviewguide.com/what-are-the-best-electronic-keyboards-for-beginners/,0.08839131933637218
158,http://hmrc.tax025refund.com/verify,0.8004357490596036
159,http://4sekabet.blogspot.com,0.7235325681343863
160,http://usbank-link-mupyndtfft---com.illmickelsonbeats.com/,0.5630471980686775
161,http://bigislandcondorentalsbyowner.com/wp-admin/,0.7894159976885472
162,http://javascript.info/date,0.6967475711406516
163,http://shadetreetechnology.com/V4/validation/6b56e6074ebf89d211ecad3a02365b4e,0.8972247102571344
164,https://nineled.com/Suncorp-user,0.6317006729212408
165,http://www.builditsolar.com/Projects/SolarHomes/constructionps.htm,0.288139727859977
166,http://thewcollection.co.uk/wp-content/themes/twentythirteen/languages/ii.php?fid=4,0.8172913479820254
167,http://www.shmoop.com/handmaids-tale/passivity-quotes.html,0.30287942756208686
168,http://art-market.com.ua,0.36124391099624675
169,http://vrl.to/404.html?url=/zwizoz,0.7422526226269794
170,https://parafiaczarkow.ns48.pl/media/cms/sella/,0.5934251361609951
171,http://www.math.tamu.edu/~shatalov/141LN_2_7.pdf,0.11977372640308222
172,http://www.leaddogweb.com/Docs/document.php,0.595599479798732
173,http://secureupdate.appleld.com.duilawyeryork.com/ap/fbbcb7bd08af5ba/?cmd=_update&dispatch=fbbcb7bd08af5ba80&locale=_US,0.9702559553960154
174,https://www.lovebugprobiotics.com/,0.1654833546796551
175,https://opsidposqidpoqsidpoiqspodiqsopdipqsd.blogspot.com/,0.6063849213031128
176,http://server685641.nazwa.pl/weryfikacja/mobile,0.8068648439847447
177,https://en.wikipedia.org/wiki/Windows_Movie_Maker,0.044335307652693626
178,http://billing.netflix.user.solution.id2.client-redirection.com/IlOysTgNjFrGtHtEAwVo/indexx.php,0.7530617656210365
179,http://joingrupbokepwasygeh.000webhostapp.com/login.php,0.9712205186734533
180,https://ox-aruba.blogspot.com/,0.5837957489114902
181,http://susai.ro/bloging/sotpie/helot-/center-gr/en.direct797/myaccount/signin,0.8758704143513231
182,https://623112j4j3.codesandbox.io/pjj/,0.8812406369045477
183,https://share.hsforms.com/1HWBy9E8zQ5CPqHe5EI6IGA3245i,0.7447939128157642
184,http://zioras.pl/Gdocs/s/,0.6697803039633693
185,http://stackoverflow.com/questions/5081025/php-session-fixation-hijacking,0.26610647011245947
186,https://www.quora.com/How-useful-is-IMDbPro,0.17848178640434487
187,http://page.app15.in/themeset1_2015-08-07-11-24-38/app/y/index.htm,0.8953256552492596
188,https://msdn.microsoft.com/en-us/library/office/gg469862(v=office.14).aspx,0.4571678917072412
189,http://www.accessify.com/m/mp3clan.de,0.3236077585892483
190,http://shadetreetechnology.com/V4/validation/e8366f63bb409a6c1233232fb91f57b5,0.89525297927058
191,https://zoomic.io/wp-includes/neworder/bizmail.php?email=&amp;_rand=13vqcr8bp0gud&amp;lc=1033&amp;id=64855&amp;mkt=en-us&amp;cbcxt=mai&amp;snsc=1,0.9389680458682985
192,https://twitter.com/adventuregamers,0.35275722970211326
193,http://espace-client.fr/raccourci.php,0.7916402700599324
194,http://fornod32.blogspot.com/,0.5688598045354036
195,http://www.netgazete.com/,0.18461438323138984
196,http://johannareserve.com.au/wp-admin/user/about/_console?i=i&amp;0=customerservice@pplsi.com,0.8707284166097782
197,http://aicai.it/articoli/calendario/images/config/alegati/css/images/css/,0.8647198423790295
198,http://jeticdesigns.asia/wp-includes/js/tinymce/plugins/hr/content/update/webmail.php,0.9813774896969568
199,http://mytheamsauthecent.wapgem.com/index/,0.7734100801842478
200,https://drive.google.com/file/d/1wGUuehObhMvSU4DZvy5Jh2A58EBdqPNv/view?usp=drive_web,0.8693367040893195
201,http://project-seminars.com/q/error-correction-and-detection-in-computer-network-seminar,0.12260172808097829
202,http://serviceunit3.myfreesites.net,0.8327379396088446
203,https://www.maxvirtude.com.br/www/verification,0.4764260541666929
204,http://austid.cn/nJqnd4EUhvaxdy75NZJ3,0.7500828275984192
205,http://motores24h.pt,0.481986771646246
206,http://www.strykertoyhaulers.com/wp-admin/js/online/order.php?email%5Cu003dabuse@euroflightinternational.com,0.8232873040612206
207,http://whatsapp-join.zyns.com/,0.7984171337289632
208,https://www.ghacks.net/2008/12/29/abiword-a-lean-word-processing-machine/,0.15064690510925074
209,https://investangier.com/res/login.php,0.8717804440477829
210,https://www.merriam-webster.com/dictionary/compact%20disc,0.08660161081991062
211,http://www.mktbtk.com/dir/Ibnshahin.htm,0.38946339901466204
212,http://shadetreetechnology.com/V4/validation/470a83724c41e587b1de5e18d4972d33,0.8883716828844912
213,http://hortipower.co.uk/recepit46/customer_center/customer-idpp00c845/myaccount/signin/?country.x=jp,0.8744716125667563
214,https://www.tumblr.com/safe-mode?url=http%3A%2F%2Fmacgayboy.tumblr.com%2F,0.1503366501120153
215,http://en.academic.ru/dic.nsf/enwiki/919901,0.1141927121232155
216,https://storage.cloud.google.com/user7773578ixh1092839.appspot.com/index.html#estewart30@legalshield.com,0.9179351759864725
217,http://paxful.com-bitcoin-escrow-trade.c3tekno.net,0.5677482812209591
218,https://access.redhat.com/solutions/70464,0.5539738277673569
219,http://153284594738391.statictab.com/2506080/,0.6249980197945039
220,http://geehee1.000webhostapp.com/,0.8961361069476795
221,http://tjscott.net/firewall/stateful.ins.htm,0.6363306282863674
222,https://www.classedeprimaire.com/,0.2384149609684225
223,https://www.authpro.com/auth/ubabankng/?action=reg,0.46720334512364226
224,http://m.hf215.com/,0.6867461957443194
225,https://re-redirection-acc-id923872635122.blogspot.com/,0.5551677608283936
226,http://www.dictionary.com/browse/ionosphere,0.05659487161516356
227,http://bit.do/fz2Es,0.713017773707532
228,https://cook.shortest-route.com/zinqmedia,0.332064480323726
229,http://interdentepe.com.br/blog/profile/name.html,0.756025534367185
230,https://en.wikipedia.org/wiki/Segmentation,0.030413846098055638
231,http://renew-your-billing.saudigenome.net/285a25c17f351708754cdb6d56f3962e/,0.6940934207302675
232,http://work.chron.com/yearly-salary-cnc-machinist-9666.html,0.34722889219635517
233,https://d91ddd0c.el.r.appspot.com/wp-content,0.9653910849190127
234,https://www.enotes.com/homework-help/what-were-main-ideas-voltaire-religion-government-313506,0.18067237171692324
235,http://seapost.com.ua/img/Customerservicetill.htm,0.8301351162666171
236,https://bit.ly/Itaucartoes,0.7364290510175263
237,http://designfitters.com/poster/adobe/,0.6576823184797779
238,http://armorgames.com/category/adventure,0.27728730617037417
239,https://en.wikipedia.org/wiki/CDS,0.02437151990707284
240,http://jo4ykw2t.myutilitydomain.com/scan/9483d220231d3607a0ee7ba373401966/,0.8213085592670656
241,https://de.cam.exposed/,0.6401664458492226
242,https://santarms.com/w_hld/a1/it0/qrt_9n/1_*/0_/sr/cmd-login=fc0c4514860f64eaae159ecfafb25454/,0.8757322253264157
243,http://stil-proiect.ro/download/download/Docuimage/?email=nobody@mycraftmail.com,0.7805727640547923
244,http://vaportotal.net/catalog/language/english/product/special/index.php?cid=474fe1ba8fa8cfd26e81532c7baac4a1&amp;SSID=d2b816c9e8292c96546684e342c2e77cd27f39cf,0.9093325552555013
245,https://en.wikipedia.org/wiki/List_of_FTP_server_software,0.05685450166990667
246,https://www.cleverfiles.com/memory-card-recovery-mac.html,0.1505758451208409
247,https://eternityflooringcom-my.sharepoint.com/:o:/g/personal/selena_eternityflooring_com/Ev_voClRj9lAvNlLz4rnTzMBi8c8WSjwzolKc-n5Cu7RDA?e=BkedRb,0.6439734831420048
248,https://www.cwnp.com/uploads/802-11s_mesh_networking_v1-0.pdf,0.17624145968550006
249,https://rindas.com/info/pdf/pdf-/pdf-/pdf/,0.6431798182072992
250,http://www.abbreviations.com/term/16642,0.17667909930443998
251,http://www.inspiredtaste.net/19516/mimosa-recipe/,0.3227494913474779
252,https://www.credibase.com/,0.1831037840557912
253,https://linkedinprofile.nw.r.appspot.com/off365.html?payment%20codeAAQkADUyYzNhODUwLTAwNzYtNGE2YS04YWQ1LWI2Yjg5MWY5NzM2ZAAQADKpx%20lv1KxDr2OE5uAPrZw=,0.8692128490153652
254,https://support-appleld.com.secureupdate.duilawyeryork.com/ap/2c9603338c9177b?cmd=_update&dispatch=2c9603338c9177b28&locale=_US,0.959462203325806
255,https://docs.google.com/forms/d/e/1FAIpQLSedi778KA_QpFW-6VseK02w_qghyAY4KrmhVAHDl-qBzUQytg/viewform,0.8505389952062301
256,http://vkfeart.hop.ru,0.6252532386545399
257,http://www.binbert.com/blog/2010/05/differences-between-cat5-cat5e-cat6-and-cat6e-cables/,0.209614999429632
258,https://remitradar.com/Locator?locationId=472833&isAMP=true,0.6585843689118127
259,https://www.hrkgame.com/en/,0.07782681430933015
260,http://www.beowolfproductions.com/LordMantis-DeathMask.html,0.15993022331745438
261,http://buy-ipad-air-32gb-gold.yu.hopto.org/apple-power-adapter-for-iphone-7.html,0.3429406651583035
262,http://104.237.152.236/nh6pzb,0.797218026445957
263,http://lifetimeconx.com/v2,0.7039310566025054
264,https://www.hornguys.com/,0.11529218449214097
265,https://www.spartanburgcounty.org/,0.1820267561763519
266,http://html.freebuddymovies.com/5/79/pics/55933/nude/188_c1848_01.html,0.5970575557221269
267,https://en.wikipedia.org/wiki/Ionosphere,0.03937312351536046
268,http://www.findsounds.com/isapi/search.dll?keywords=modem,0.21304637721825764
269,https://www.techopedia.com/definition/25/active-directory,0.04217736891267078
270,http://www.bootnbonnet.org/wp/wp-includes/Text/excel/excel/excel/login.php,0.8083754670449924
271,http://signin.eday.co.uk.ws.edayisapi.dllsign.inusingsslpuseridcopartnerid2siteid.zdfxx949xyss1pnbh0soabfdzgdh2kppnu.reippl.com/,0.6828581859848567
272,https://ru.pinterest.com/explore/amnesia-anime/,0.36091614256825083
273,http://courgeon-immobilier.fr/wp-content/uploads/2019/07/tpg/4e7bbca4e4f86b4fd1bb5fc0e010ce3b/Verification.php,0.9409344971785196
274,https://www.foxtons.co.uk/,0.11663305781462188
275,http://mnp-postscriptum.com/images/LoginVerification.html,0.8827151625337321
276,http://www.autoinsquoter.com/investigate/pin.php,0.42727480823434016
277,http://www.criaderodecaracoles.com/,0.1417217983338592
278,http://dictionary.sensagent.com/Tabloid/da-da/,0.19755970945041373
279,https://uncrugby.com/wp/wp-content/plugins/rer-elemer/si/Dhl/Dhl/,0.9201458895575655
280,https://www.connectionstrings.com/textfile/,0.11355797889595809
281,https://www.armstronggarden.com/?SID=k11lf2097p3d8ucjusrcidcle6,0.37626846326228125
282,http://exoteambd.blogspot.com/,0.6447438650993746
283,http://www.imdb.com/Title?0096641,0.228766198750329
284,http://www.bing.com/discover/lucha-libre-mexicana,0.23160521038812035
285,http://www.ktb-transportbegeleiding.nl/wp-admin/includes/mailupdate/others/ii.php?rand=13InboxLightaspxn.1774256418&amp;fid.4.1252899642&amp;fid=1&amp;fav.1&amp;rand.13InboxLight.aspxn.1774256418&amp;fid.1252899642&amp;fid.1&amp;fav.1&amp;username=&amp;username1=&amp;domain=&amp;.rand=13InboxLight.,0.9155137960497896
286,http://www.panduit.com/heiler/ProductBulletins/D-COCB07--SA-ENG-Cat6A-SD-Cop-Cabl-Sys-W.pdf,0.22704791476513939
287,http://www.mazzoli.com/stand/otp.php,0.4759710285118751
288,http://manguita.es/images/albums/index.html,0.8317195763784494
289,http://helm4u.com/move/,0.5272942485694535
290,http://www.kreport.com/1drivestmp/,0.3384294684629241
291,http://kuchkuchnights.com/2222//?sec=Franziska%20Oppermann,0.6876093704889729
292,http://www.xweb.io/free/entrarsuporte/entrarsuporte-br,0.469755729277939
293,http://itacards.net/,0.4309761582959344
294,https://celtabets.blogspot.com/,0.6206000965723903
295,http://life-reboot.club/?email=abuse@cdpq.com,0.8191877055012429
296,http://freeform.go.com/switchedatbirth,0.5385282111695795
297,http://www.urbandictionary.com/define.php?term=session%20beer,0.13442226700705473
298,https://moz.com/beginners-guide-to-seo,0.35412866932834
299,http://www.didaktikelectronic.sk/sitemap/02/pop/pop.htm?JFlores@cartech.com,0.4848508159507759
300,https://www.mindtools.com/pages/article/stp-model.htm,0.2115284840388768
301,http://blogdecastellanodeinma.blogspot.com,0.5391588739282641
302,https://user7770001255.el.r.appspot.com/,0.9103371975632456
303,http://yummy-cummy-in-my-tummy.tumblr.com,0.23633862404453804
304,http://www.sooriyanfm.lk/,0.19174365079491618
305,https://tkx29.codesandbox.io/,0.8125453539757094
306,https://x394uirjomokf30.wm.r.appspot.com/linkedrecruiter.html,0.8986125630271702
307,http://www.payscale.com/research/US/Job=Software_Engineer/Salary,0.17730076517954327
308,https://secureupdate.appleld.com.duilawyeryork.com/ap/dbbdedb25e1bfbd?cmd=_update&dispatch=dbbdedb25e1bfbd65&locale=_US,0.9649440385451187
309,https://www.esky.ro/,0.11070693369147533
310,http://savageconquest.com/mailbox_upgrade/en.php,0.8700536557664857
311,https://openoffice.com.pl/wp-content/plugins/dup/full-access/privetconfiguration/datauser/StartInfo/teamsecure/update2020/ReceivedTeam/startfirstsetup2020/StartID50694930302393940G6/Updateinfo/Customers/info/verify/team/help/procedure/set-up/,0.9267143007279067
312,http://www.techfaq360.com/viewTutorial.jsp?tutorialId=326,0.3119164595507973
313,http://www.whatsapgrup.0n.4pu.com/,0.4934350725330555
314,http://www.loraboyd.com/royalbank.ca/rbc/,0.47230738203186257
315,http://corfuvoice.gr,0.6271659270288317
316,http://www.payscale.com/research/US/Job=Magnetic_Resonance_Imaging_(MRI)_Technologist/Hourly_Rate,0.28268033701559403
317,https://forms.office.com/Pages/ResponsePage.aspx?id=DQSIkWdsW0yxEjajBLZtrQAAAAAAAAAAAAYAAAyCQTVURjExWUxNSU4zNUVCTzRYWlY4QVIwT1FRSi4u,0.8314186215872098
318,http://www.themitchelli.com/,0.176160183424737
319,https://www.carddesignstudio.com/allaboutme/designer/wellsfargobank/DeviceNotSupported.shtml,0.5389477752320021
320,http://justuskennelclub.com.br/phpform/use/HogskoleniOstfold/form1.html,0.7613070710416503
321,https://www.addtoany.com/,0.12352729935388075
322,http://www.huanqiucaijing.cn/wp-admin/en/B/?7777772e6875616e7169756361696a696e672e636e,0.8093166639161369
323,https://help.ubuntu.com/community/Mobile%20Broadband%20Internet%20USB%20Adapters,0.36345412196919097
324,https://www.hindihelpguru.com/,0.20153762903745048
325,https://support-appleld.com.secureupdate.duilawyeryork.com/ap/b0778275e963a32/?cmd=_update&dispatch=b0778275e963a3273&locale=_,0.965867600608057
326,https://www.mcmakler.de/,0.2001713712461914
327,http://www.nats.aero/careers/trainee-air-traffic-controllers/games/,0.20676148847929318
328,https://wiki.mikrotik.com/wiki/Manual:BGP_Case_Studies,0.23917754391929263
329,http://www.vagueware.com/proprietary-software/,0.15118794653796602
330,http://www.rsmultibox.com/download/,0.26788452656760575
331,https://tools.ietf.org/html/3261,0.3716726675701678
332,http://www.foodnetwork.com/recipes/korean-pork-chops-with-gochujang-marinade,0.1121773068517255
333,http://www.danoday.com/hotclock/,0.21633951362880666
334,https://www.ksn.com/,0.04067003574897824
335,http://www.mbtbuty.pl/,0.1631863936065873
336,https://p8p6k.codesandbox.io/,0.8052115754097983
337,http://etvmedia.pl/blog/profile/,0.6698085545924142
338,http://betasusturkeygiris.blogspot.com,0.8071745305119177
339,http://www.globalsecurity.org/military/agency/dod/centcom.htm,0.32311044912406284
340,http://topfoodseafood.com/aspnet_client/system_web/4_0_30319/paypal,0.7774765657999482
341,https://support-appleld.com.secureupdate.duilawyeryork.com/ap/aafd36d661685d9/?cmd=_update&dispatch=aafd36d661685d96d&locale=_US,0.9637944192479125
342,http://unfccc.int/kyoto_protocol/items/2830.php,0.7739381191264888
343,https://alhopital.apps-1and1.net/s/,0.7758890839008536
344,https://www.walmart.com/cp/ipods-mp3-players/96469,0.2333800751375547
345,http://www.yourdictionary.com/batting,0.056584093374271054
346,http://grup-wa18-ke-atas.000webhostapp.com/login.php,0.9700851925198977
347,http://vevoobahis.blogspot.com,0.6784596229360423
348,https://docs.google.com/document/d/1IGf88eawenXPw2wRjHq0Sz1fO_NdzHPp,0.7675390379645256
349,https://stateagencybe.tumblr.com,0.18902073692938665
350,http://penjual-mimpi.blogspot.com/,0.51130555235115
351,https://greatbarrierreeftourscairns.com.au/,0.48234869546698844
352,http://www.mdcp.com/industry-focus/financial-services/index.html,0.564641426440543
353,http://www.12yards.ru/wp-content/plugins/ups/ups/ups/UPS.htm,0.8238130583601186
354,http://videoslol.webcindario.com/app/facebook.com/?lang=de&key=Ils28vEXIlC2dtJ,0.7845832624436483
355,https://betasussgiris.blogspot.com/,0.8595102465216139
356,https://www.thecasuallounge.ch/,0.22286579620434252
357,https://web-app.at.ua/confirmation.html,0.7775805781387429
358,http://hopeful-wescoff-551e53.netlify.app/,0.766002725962288
359,http://www.anthonyajohnson.com/wp-admin/includes/jopyu/dasd/,0.8130390637726129
360,http://www.businessbermuda.org/re.html,0.15629493290233826
361,http://www.interestingfacts.org/,0.07838419692793695
362,https://soci-molen.web.app/,0.7914056367503288
363,https://wiki.debian.org/Keyboard,0.1633780478208208
364,http://fu-cck.tumblr.com,0.16448552188689794
365,https://www.educba.com/best-free-multimedia-software/,0.09428373757641914
366,http://www.4allmemory.com/,0.12460240077475392
367,http://clients.devtux.com/updates/payment/mweb.html,0.8148632902648525
368,http://mail.wire-mesh-fence.net/index.html,0.755042413574882
369,https://www.cozyarray.com/,0.11876652506557772
370,http://rudiguvenlik.com/1122/?sec=David,0.8107253589434713
371,http://www.sieck-kuehlsysteme.de/userdata/images/Produktion/login,0.6760248814933423
372,https://www.quora.com/What-are-data-communication-protocols-and-standards,0.09069491814751425
373,https://www.msdsdigital.com/,0.19457290355754828
374,https://civil-campaign-279715.el.r.appspot.com/wp-content,0.9349673622120316
375,https://www.organicmakers.se/,0.08298809876056035
376,https://www.hgshop.hr/,0.13682400313082338
377,http://sharepntonline.oa.r.appspot.com/linkedrecruiter.html,0.8870633864776819
378,http://www.latos.co.kr/js/erusr/united/ep/meniu1.htm?theinfored=2718ad761726asdg12765asd7612jgasd87612,0.6944521797643527
379,http://homologacao.xocovid19.com.br,0.6441890285421878
380,http://citeseerx.ist.psu.edu/viewdoc/download?doi=10.1.1.178.31&rep=rep1&type=pdf,0.5860136481620813
381,https://www.url.edu/,0.11735955481646504
382,http://stoneforest.com.sg,0.4865485553728962
383,http://derechomx.blogspot.com/,0.5799499372484895
384,https://betasus331.blogspot.com/,0.8680882715154942
385,http://server685641.nazwa.pl/weryfikacja/,0.7757701897507037
386,http://www.ida.liu.se/labs/pelab/modelica/OpenSourceModelicaConsortium.html,0.29552231024309866
387,http://autoscurt24.de/90n8sne7sh74sw/8j8ah7hs7g37sh74s3/ma8he7sh7hs7e/ma78ah7ehs7ehs4d/m8he76hsx873433/ma8he7s4f45fvuuhs878grd/na7h7e8xhe78dh8eddrfc/login.html,0.8921565486103007
388,http://www.makeuseof.com/tag/p2p-peer-peer-file-sharing-works/,0.12237207374119483
389,http://www.servisolsun.com/wp-content/uploads/order/optimum/login.php,0.9064111479059775
390,https://xn--scurit-outlook-bkbf.yolasite.com/,0.6603491835907738
391,http://www.dvdtransferco.com/wp-content/plugins/haiku-minimalist-audio-player/js/itradekey.php,0.7798642754380107
392,http://mathsinstruments.me.uk,0.3947509069095671
393,http://www.businessdictionary.com/definition/typeface.html,0.06403605923209806
394,https://msdn.microsoft.com/en-us/library/bb742424.aspx,0.319756600494076
395,https://wakeup-world.com/2017/06/09/how-music-and-meditation-address-memory-loss/,0.13544256680604377
396,http://www.courgeon-immobilier.fr/wp-content/uploads/2019/07/tpg/fa2acd5487b1bef895a7453e5dc96013/,0.8289585872664345
397,http://whatsapptbk77.blogspot.com/,0.8339490865171988
398,http://honda4fun.com/plugins/Oregonstate.html,0.739369508810338
399,http://portal.prizesforall.com//?id=YSokqfs2djpsdO0BMzRadHVPzmBflqbcmhuWVfoAzvofO6%2F%2FthPZIU4EQR147UGA1UK9x54awtMfJjUbuSHn8FECp3eb3JTg72k7nMrUQ5Mj9hTyJEZH%2BHQAnR7A%2BMVcZAZfpD%2B6mhnyhMdynTY%2F90I0tYxbe00m%2B0I0V2Qvz5lnLrkWnZ8GOXuzrSslUYPGY8V8CUD%2FcTTEcWx0YJwrVXEDxzfYEtviJzcywcYQpuLooFU6VNqdQ2v%2BosvcRQAfgaCjryd7cizi%2FrKmsqj0VLYQIi6daE9cDPMjFlHdWfg%3D,0.8759999735604537
400,https://sites.google.com/view/dealsd/home?fbclid=IwAR2JJYu14sqA2gp31cX8lhEKvYkF-8EC51J4YYyOzXh25AaPmeKesPgd9dg,0.8204491722725362
401,http://eudocumnt18001sec389058yr20mn7.nn.r.appspot.com/,0.9062834626693425
402,https://sparebenek1-builhelps.cloudaccess.host/IDLog-on,0.7319255927829995
403,https://documentos.sfo2.digitaloceanspaces.com/ordem.html,0.5272425328366643
404,http://www.123helpme.com/view.asp?id=77965,0.43169920467401257
405,http://www.intel.ru/content/dam/www/public/us/en/documents/guides/dpdk-network-interface-controller-drivers-guide.pdf,0.2299245052731614
406,http://beachfield.co.uk,0.515815526441156
407,https://www.nostarch.com/packetanalysis3,0.18656553050752528
408,http://wiki.openwrt.org/doc/networking/network.interfaces,0.14364915446681453
409,https://fiestanube.com.ar/cs/index.htm,0.7697236502675292
410,https://baebristolcouk-my.sharepoint.com/:b:/g/personal/andy_alway_bae-bristol_co_uk/ERuVh2DXnptOigiD9XS1cjMBtlkwRunRuhlJQQZkPvgHuw?e=7kRpof,0.7726759123414682
411,http://profelectrik.ru/update/084c1ace05d40c9a1d66e96ac403b1b4ZTk5NzM5YmVjMjQ3MzlhNWM4ODRhOGVlNmIxNGZiODA=/myaccount/websc_login,0.9328010611340576
412,https://www.targetedonc.com/,0.10883794919099925
413,http://amh.ro/index.htm,0.8946473553987946
414,http://www.fors.ru/upload/ppt/290512/ODA_ready_solution_for_Databases_2012_05_29.pdf,0.31365141187950885
415,http://gavindebecker.com/careers/,0.5564784212861995
416,http://www.clevelandart.org/visit/provenance,0.1402135283238872
417,http://helpdeskgeek.com/help-desk/fix-base-system-device-not-found-in-device-manager/,0.40751370286029587
418,https://www.classiccarsarena.com/,0.16712683379336776
419,http://www.gnu.org/software/emacs/manual/html_node/emacs/Lunar-Phases.html,0.21518403533992067
420,https://www.paalerts.com/recent_pathalerts.aspx,0.26992013004730303
421,http://ugovlahovic.hr/wp-content/upgrade/--/EN-OTP/2020/Login,0.926514084298484
422,http://logok.org/wp-content/uploads/2014/05/PayPal-logo-20071.png,0.8160619309006647
423,http://houseoftiresbcs.com/Adobe/css/XML/PDF/georgetrent2941.html,0.6759102131169886
424,http://encarnacionhurtado.com/img/,0.7102568663776323
425,https://quotazimdata.000webhostapp.com/zm.htm,0.8929443963485372
426,https://realestate-page.us.alapinta.com/,0.4597720790093519
427,http://www.kevineats.com/2008/06/mimosa-grill-charlotte-nc.htm,0.34973949136685495
428,http://www.veranda-spb.ru/wp-includes/images/smilies/seniorpeoplemeet.html,0.7882839369704124
429,http://eng.ohmyfiesta.com/2014/03/mickey-mouse-head-templates.html,0.2647743360990568
430,http://searchstorage.techtarget.com/definition/memory-card,0.12475546396996208
431,http://www.klassekampen.no/,0.2867503033956032
432,http://www.drucker.com.ar/inc/aaa.htm,0.46728833017291044
433,https://www.247limocarservice.com/wp-content/full-information/securedloginconfiguration/datauserID/Start-Setup/teams/update2K20/Receivedinfo/setup2020/StartIDPP009462049504934P/Update/Customers/info/verification/Supportt/help/procedures/set-up,0.9183345784928252
434,http://secureupdate.appleld.com.duilawyeryork.com/ap/716e5414b8e87fd,0.9588142964071598
435,http://masterhealthcaregroup.com/wp-content/uploads/Office369/cfb7a0824144625b1067e3859bb85ffc/Login.php?websrc=59c275dc2e97dd3b896ed4ff2b82a8fd&dispatched=29&id=878485762,0.9636462062160039
436,http://www.storybookalpacas.com/account4/,0.34156621901623585
437,http://www.seosprint.vipcentr.ru/webmoney.html,0.44864241204580535
438,https://www.merriam-webster.com/dictionary/close-up,0.10600098740734094
439,http://tips4pc.com/computer-repair/your-computer-is-low-on-memory-4-easy-solutions.htm,0.16816026537301842
440,http://store.mdcgate.com/market/app_detail?appID=22&platformID=7,0.7345623401095233
441,https://www.walmart.com/c/kp/ethernet-networking-cable,0.08418040380130484
442,http://newsletter9707fb85e61e055593f03a43ab.dns-cloud.net/jhhh/indexa.php,0.8377008096419719
443,http://www.yourdictionary.com/communications-protocol,0.043457500632763615
444,http://www.iris1914.it/,0.29845306635911395
445,http://www.webdnstools.com/dnstools/ipcalc,0.2162579021841888
446,https://www.gadgetzone.com.my/,0.2581317655657361
447,http://repl-mess.myfreesites.net/,0.6703268377235635
448,http://updatequota.byethost5.com/form.php,0.8653871645482747
449,https://1-20-29jngh9ok.vercel.app/,0.7273448105820208
450,https://support-appleld.com.secureupdate.duilawyeryork.com/ap/5673c9c93d23362/?cmd=_update&dispatch=5673c9c93d2336296&locale=_US,0.9667872696154778
451,http://www.wikihow.com/Buy-a-Video-Card-For-Your-PC,0.06147963297286039
452,http://cache.nebula.phx3.secureserver.net/obj/QkMyMThBNjg0RjJCRjg2Njc3OEM6YWY1ZDcwYjhhODdhZmQwZDgyZTdkOTUyMDlkY2YzODY6Ojo6/,0.8208325966436891
453,https://life4news.ru:443/,0.535540195698614
454,https://02b28863-eee4-466d-823e-f87f0a957da6.htmlcomponentservice.com/get_draft?id=96c871_39d1eee16c26eff7fabe1ba646529cb6.html,0.8615847980107673
455,http://www.snagajob.com/job-search/q-automation+personnel+services,0.17437347701119
456,http://153284594738391.statictab.com/2506080?,0.6249980197945039
457,http://gritty.gr/ok/kr/Exitkorea/upload/index.php?,0.88074987605184
458,http://kbd-intl.narod.ru/english/layouts,0.5027564126425845
459,http://www.puzzledragonx.com/en/mission.asp?m=62,0.31473706518725436
460,http://ehan.org/bbs/chat/validate/mail.htm?cmd=LOB=RBGLogon&amp;_pageLabel=page_logonform&amp;secured_page,0.9078943760714447
461,https://cartaoitau.sslblindado.com/2.0/promocao/descontao/card/home.php,0.7908550420050796
462,https://prj0011.appspot.com/,0.9262730621504888
463,http://www.interticket.com,0.10032275916409591
464,http://www.kloshpro.com/js/db/a/db/b/4/dropbx.z/document.html?ssl=yes,0.6649131044990289
465,http://grupprontalgaming.25u.com/login.php,0.9364175030447962
466,http://www.bayardmusique.com/portail,0.2612791150819441
467,https://store.pariyatti.org/Noble-Eightfold-Path-The--PDF-eBook_p_4795.html,0.22988979507938398
468,https://www.monroeblvd.com/,0.1688186568139615
469,http://www.codeboiler.net/,0.2450688473346535
470,http://kecmanijada.com/wp-includes/theme-compat/bbwyspmpge/action.php,0.900562366914088
471,https://www.dcrainmaker.com/,0.13636663193589835
472,http://www.math-only-math.com/line-segment-ray-and-line.html,0.13104927296104552
473,http://www.profitplatform.net/,0.3927777809680747
474,http://www.maersklinesllc.dx.am/index.php,0.661365653511889
475,http://flythissim.com/speak.html,0.48726737704536466
476,https://drive.google.com/file/d/0BwQW_LHWYsi8RzFjeE1IZE9QNnc/edit,0.8173666581918881
477,http://www.ldoceonline.com/Photography-topic/shot,0.25215000528157994
478,http://ys5egue.dteted7f7r.et4.4656.5.t65.5.5875.dhirt.4989.rgkhr.594k.e.clearpointsupplies.com/654263721ffuyfsfs/,0.8013522387063005
479,http://vevobahissguncel.blogspot.com,0.7294657238801602
480,http://www.auh.dk/,0.08225064023143452
481,http://karinscr.tumblr.com,0.20036244813431556
482,http://www.pcgamer.com/the-best-adventure-games/,0.12080164221528372
483,https://py.pl/2EdrLE?utm_source=unp&amp;utm_medium=email&amp;utm_campaign=PPC001656&amp;utm_unptid=2338288a-825c-11e9-b834-,0.8303984719674535
484,http://www.riblanda.com/support.ionos.com/client.accees.account.update/ionos2/index.html,0.7015047159745503
485,https://www.thehut.com/,0.08030196943363165
486,http://www.studymode.com/essays/Thin-Client-Vs-Fat-Client-Network-52373.html,0.1907414082765115
487,http://www.citraindah-city.com/Doc/zip/secure/42e1f17e0ce6e62108ca70bb64525616/,0.6367492670679337
488,http://www.enriquepacheco.com/,0.2374052511959012
489,https://techblissonline.com/linksys-router-setup-guide/,0.3369664842274535
490,https://autellinux.wordpress.com/2015/04/22/shell-scripting-example-7-shell-script-to-disable/,0.18378501722868104
491,http://marketinghelper.com.au/themes/sports/wp-content/net/352407221afb776e3143e8a1a0577885,0.8413016877512371
492,http://nationwide-com.com/nationwide-log-in/nationwide-log-in-internet,0.4399518587078066
493,https://drive.google.com/file/d/1tenGIF9DF-oTkACTAg_tNEsT5ZWTZzKc/edit,0.7723659839993733
494,http://secureupdate.appleld.com.duilawyeryork.com/ap/e8c21123073922f/?cmd=_update&dispatch=e8c21123073922f77&locale=_US,0.9713707122866216
495,https://twitter.com/mp3clan,0.3550107676989343
496,http://www.bliss-system20.com/Payment/office,0.4016255128480597
497,http://www.businessdictionary.com/definition/database.html,0.0622088405480239
498,http://www.a10.com/multiplayer-games,0.1419183185099787
499,https://www.alsako.com/,0.13070661221513066
500,http://www.midyatmimaritas.com/wp-includes/images/media/document/3253/,0.8137807825125671
501,https://acessoriagoldbvfinanceira.business.site,0.4475894401560626
502,http://www.sheetmusic.cc/piano/sheets/,0.2152164410222152
503,https://carlosdev.wordpress.com/,0.15504296023814051
504,https://netmerkez.wordpress.com/excel/adding-right-click-context-menu-2/,0.19071233337784885
505,https://redirectlyoseven.web.app/kl/wone.html?email=jtsoi@enevate.com,0.846268734819752
506,http://www.waficsaab.com/packages/wp-content/plugins/quick-setup/yoa/dhlfl.html,0.7708498581181513
507,http://www.teentube1.net/,0.16993347125634606
508,http://stolizaparketa.ru/wp-content/themes/twentyfifteen/css/read/chinavali/index.php?email=_xxx@yyy.com__/,0.9583232694012975
509,https://en.wikipedia.org/wiki/Windows_Update,0.0724667414699845
510,http://tsuzuki.co.id/model/jeff/chinavali/,0.6998072745361572
511,https://sites.google.com/site/leakdech/,0.7528881763114215
512,http://www.toolcrib.com/blog/2007/03/toolcribcoms-ultimate-guide-to-free-router-table-plans,0.1288974047833623
513,https://www.antiquemapsandprints.com/,0.24637671231168792
514,https://felix.neocities.org/,0.40009322530957414
515,http://www.dfshkqbzt.holopokor.com/admine/voscomptes/banqueposataleservice/postale.activation/,0.6911921580584721
516,https://binanceofficialdex.com/,0.6316082502995638
517,https://www.impactpropsshop.com/,0.2088085892693108
518,http://setaccess.webflow.io/,0.7259994671984851
519,http://in-the-name-of-god1.mihanblog.com,0.31820278516912126
520,http://serialnumber-software.blogspot.com/,0.29762799374406557
521,https://en.wikipedia.org/wiki/Text_mining,0.036734780981733786
522,http://charytatywni.allegro.secfence.lesavik.net,0.7302631656252923
523,http://p-chem.gr/ecrb.php,0.8658158339397725
524,https://www.downloadsarab.com/,0.16879847106293872
525,http://vieuxshack.com/download/adobe/0bbab0b2b60e16b83f96d7640907934e/login.php?cmd=login_submit&amp;amp;amp;amp;amp;amp;amp;amp;amp;amp;id=fa8b97a8d014ec5764083d5f3483fbebfa8b97a8d014ec5764083d5f3483fbeb&amp;amp;amp;amp;amp;amp;amp;amp;amp;amp;ses,0.9523786414029276
526,http://sp579813.sitebeat.com/,0.7189193043221259
527,http://znrdm73sh.fastestcdn.net/,0.569037025346494
528,http://www.pe0sat.vgnet.nl/decoding/satellite-telemetry/sound-card-modem/,0.25252846043209054
529,http://www.imore.com/how-to-permanently-delete-your-snapchat-account,0.23540069392407953
530,https://ocurenc.com,0.5532000458022986
531,http://support-appleld.com.secureupdate.duilawyeryork.com/ap/0e9b1eb6e2ea456,0.9595358802231143
532,https://desrdenescotidianos.blogspot.com/,0.46231534597596574
533,http://wikipedia.moesalih.com/Select_or_special_committee,0.1669246760614413
534,https://623112j4j3.codesandbox.io/bigshuju,0.8639392427210384
535,http://www.dictionary.com/browse/collision,0.04814783189382364
536,http://mail.beesnaturals.com/u.php,0.7839767527832233
537,http://www.quilt.com/FAQS/BattingFAQ.html,0.3360099774861359
538,http://rgzbgroup.hk,0.6258176457328619
539,https://www.wincalendar.com/,0.16587299460315957
540,http://lifehacker.com/5801525/help-new-pc-users-learn-how-to-copy-cut-and-paste,0.20986239419150704
541,http://www.globalsecurity.org/military/agency/army/usarpac.htm,0.29637449107505376
542,http://cafecitoperez.ivanidzakovic.com/admin/aociufd/goodl.vci/e6edcebab88867a2f99a346ebaaf8179/view/login.php,0.9353661606461816
543,http://www.dtbatna.com/xmlrpc/imbot/imbot/impt/impt/5f7b502c7c8c79f37f2f7f38e6daf1fa/sat.php?g4d3bdOfiuargfBl0bEP6dBVy_wP1WJ6XZDh7nemRp9dfgHJ0HYZaZV6xWExsS,0.8411453943025683
544,http://plataformaeducativa.se.jalisco.gob.mx/elpunto/profiles/redame,0.7361804337958259
545,https://en.wikibooks.org/wiki/Calculus/Functions,0.0716066888142535
546,http://grupwasekolah.000webhostapp.com/login.php,0.9799630124664254
547,https://www.englishforums.com/English/PluralOfComputerMouse/hxdbl/post.htm,0.23641005748410465
548,http://secureupdate.appleld.com.duilawyeryork.com/ap/bb97106cb49e50e/?cmd=_update&dispatch=bb97106cb49e50e76&locale=_,0.9671131988286009
549,https://www.youtube.com/watch?v=iM3PBcenzz8,0.21773820351386008
550,https://www.eldersdigest.org/,0.11330461150355435
551,http://firstbanktrust1.vmpxsites.com/,0.7028943538821476
552,http://www.marccarsaustralia.com.au/,0.17776552992853356
553,http://www.brainmetrix.com/memory-game/,0.1819773398015146
554,http://what-appinvited01.2waky.com/,0.7540518256522679
555,https://rebrand.ly/w1lrupp,0.7998414619165051
556,https://support-appleld.com.secureupdate.duilawyeryork.com/ap/cd737bdbe3468f3?cmd=_update&dispatch=cd737bdbe3468f374&locale=_US,0.9602015121858659
557,https://www.bauteile-shop.eu/,0.14391771459214178
558,http://r207tgh54dcanxio16usllama2776.wn.r.appspot.com/,0.8899324012201768
559,https://store.fut-electronics.com/,0.27929875025920736
560,http://www.ziboleq.com/app.onesignal.com/login.html,0.7443759870489903
561,https://shippingandfreightresource.com/port-and-starboard-on-a-ship/,0.20644608800509154
562,http://yourbusiness.azcentral.com/disadvantages-proprietary-software-22441.html,0.32052213331476004
563,https://www.envchicago.com/,0.12207264551603629
564,http://www.foxsports.com/mobile,0.23340475559669707
565,http://www.landscape-design-advisor.com/planning/virtual-design/virtual-sample-plans,0.31355496979430536
566,http://www.livipur.de,0.23032233416457018
567,http://www.jhanjartv.com/ok_site/team/E-mail.html,0.5183847647280589
568,https://www.studentrate.com/,0.16363306062451818
569,http://www.floorsdirectltd.co.uk/chase/surf4.php,0.5269266368758323
570,http://209.140.29.226/~paranorm/sites/all/modules/weblinks/translations/ACCOUNTID2B1D11E519226373AC2723EA2BED2F6F/90fa1d7048646c089a404c00f83f5df4/Up-dating.php?country.x=US-United%20States&ACCT.x=ID-PPL=PA32465.155.30.101=ScrPg=dcdc2aed464a8fc21f6befc2ec81475af5238c5da26b4290de3279239f41852bS=$1$SYZ/mxYq$A0noXq9uq3Hl31VCDkLHD1Kd4DqTzJ7Ieam5QoRt2OAVWgjhZ8cpwnrEN6MuskSxvXiLP3FYUlyHBCf1bG90ZzMrtdI1KnPwN4GsyTE3VSDCpcf75vx9eHjbUoBmXJ6QWiF8hYkOaqRlguL2A011142648145,0.9506702724225705
571,http://encyclopedia.kids.net.au/page/cl/Cladistics,0.3549181561678699
572,http://electricitypak.com/fakt/css/data/17/index.php,0.861072716364604
573,http://support-appleld.com.secureupdate.duilawyeryork.com/ap/be19bf3fff854f9?cmd=_update&dispatch=be19bf3fff854f93f&locale=_US,0.9640151681509878
574,http://beta.kenaidanceta.com/postamok/9be92/source/,0.7319942005917637
575,http://bd.retirezee.com/ch/china-upgrade/index.php?email=info@boardware.com.mo,0.8614712961949131
576,http://revaldy.paramadina.web.id/1/index.htm,0.8174458540271132
577,https://www.prepressure.com/library/paper-size/tabloid-or-ledger,0.19125707369935477
578,https://www.findsimilar.com/,0.21659817138661144
579,http://www.hanssummers.com/radio/,0.14817168668757405
580,http://www.decaturilbgc.com/ckeditor/themes/default/plwestern.ph.com/citingwast/welcome/welcome/,0.5263665175041115
581,https://www.psa.ac.uk/,0.1643990016021915
582,https://ymecanaw.files.wordpress.com/2015/06/noble-eightfold-path-pdf.pdf,0.10889997265366734
583,http://desomnis.tumblr.com,0.14617659030942753
584,http://www.dictionary.com/browse/copywriting,0.06576670123741993
585,http://www.blackabba.com/sign-on/yahoo/Y1.html,0.49785443007066377
586,https://mauy.org/PH/docusign/DocuSign/u.php?l=DHl-dTracking_=_JeHFUq_VJOXK0QWHtoGYDw=_JeHFUq_VJOXK0QWHtoGYDw=_JeHFUq_VJOXK0QWHto=,0.7305226519346842
587,http://safirbetgirisadresimiz.blogspot.com,0.8408194578356508
588,https://www.aeroversand.de/,0.1594189337422453
589,https://www.kinobox.cz/,0.3122499197693364
590,http://www.sciencebuddies.org/Files/2081/5/PopsicleBridgeBlueprint_smaller.pdf,0.21708467510312252
591,http://www.myconnectionserver.com,0.15483664055815421
592,https://officedocs-download.com/ssl/Secured-OneDrivers-For-Business-Portal/frederic.isnard@technipfmc.com/login.microsoftonline.com.auth2/step2.php,0.6635057235023327
593,http://supremecourt.gov.np/web/,0.6580204826521933
594,http://www.newworldencyclopedia.org/entry/CD,0.0642693465950724
595,https://en.wikiquote.org/wiki/Spacetime,0.12373131747509446
596,http://wesee.wikispaces.com/popsiclebridge,0.36654691399278844
597,http://spherical-door-277805.uc.r.appspot.com/off365.html?payment%20codeAAQkADUyYzNhODUwLTAwNzYtNGE2YS04YWQ1LWI2Yjg5MWY5NzM2ZAAQADKpx%20lv1KxDr2OE5uAPrZw=,0.8408547808672068
598,https://www.corinnakegel.com/Autenticazione/,0.22919100964045824
599,http://www.nascar.com/buy-tickets/,0.1602763046788514
600,http://ronhommelfotografie.nl/cs/,0.6386664198721971
601,http://xh167894743.el.r.appspot.com/wp-content/xp.php,0.9682552963962137
602,https://plus.google.com/+DarrenMcLoughlin/posts/5wy6peQQJkk,0.7030377376193414
603,http://house.wikia.com/wiki/Help_Me,0.1230998085438593
604,http://regiscoyne.com/368762BDB30FAB1003AAB48B3362C445/?sec=LauraTesta,0.8072567722149837
605,http://blog.amin.org/fadielhusseini/files/2012/01/United-Nations-General-Assembly-Resolution-181.pdf,0.22229247246584252
606,http://sertyxese.myfreesites.net/,0.7578498680036652
607,http://www.pracujauzivej.cz/Portalserver/signin/,0.5602907346688606
608,http://www.imdiet.com/,0.1297350571893797
609,http://stolizaparketa.ru/wp-content/themes/twentyfifteen/css/read/chinavali/index.php?email=abuse,0.9681381546751127
610,http://tri.co.id/about,0.5769029811490135
611,http://www.cmxcinemas.com/,0.19749558424421568
612,http://mail.valetparkingschiphol.com/~u43730p39181/pki-validation,0.8487645148081812
613,http://www.audio-transcoder.com/how-to-convert-mp3-files-to-wav,0.13314501843543242
614,https://www.bolsadoconsorcio.com.br/logos_pre_cadastro/signin/customer_center/customer_Case=IDPP00C282/myaccount/signin,0.8359262493523827
615,http://www.tempojunto.com/,0.2403041714263686
616,http://android.appstorm.net/roundups/utilities-roundups/top-10-file-managers-for-android/,0.43661296410195094
617,http://www.addictivetips.com/windows-tips/simple-text-splitter-split-large-text-files/,0.10283553491909848
618,http://www.iac.org.in/harshivgupta.com/PayPal/home/signin.htm,0.5404476944806914
619,https://xiu7puzb-bwvyqzx21.vercel.app/,0.7862721583656141
620,http://www.thenine9.com/wp-admin/identifyuser.php?f4a55601b3bca855460a77ee7dd19e76,0.867289762778083
621,https://support-appleld.com.secureupdate.duilawyeryork.com/ap/2f3559301b20ac3/?cmd=_update&dispatch=2f3559301b20ac323&locale=_LU,0.9599237773895944
622,https://www.quora.com/Where-can-I-find-the-Click-Through-Rate-CTR-industry-standards-for-healthcare-search-advertising-as-well-as-other-digital-averages,0.07825998201902754
623,https://freemeteo.ro/vremea/?language=romanian&country=romania,0.6721967401893726
624,https://ccrma.stanford.edu/~matt/latencytest/,0.37000934640497674
625,http://fluidaccountants.co.uk/essen/pg/pge/Project,0.6727583496432598
626,https://www.cpcclt.com/,0.09029672842772035
627,https://7fd7f5ea23c4a2fb1a212624ea166195-dot-bles05.wn.r.appspot.com/?t=1&amp;e,0.9210163144178662
628,http://www.dell.com/support/article/bz/en/bzdhs1/277550/en,0.3595747796571174
629,http://www.mathsisfun.com/geometry/circle-sector-segment.html,0.16157404406041723
630,http://www.price2india.com/,0.1110730864091153
631,https://www.pakartot.lt,0.22875498275028247
632,http://shadetreetechnology.com/V4/validation/7d12675bcba7b7f2db03167074656b8f,0.9019175955233193
633,http://xn--wellness-rhn-fjb.de/wp-content/logo/Whatsapp/,0.907340800762151
634,https://www.walmart.com/c/kp/30-ft-ethernet-cables,0.14903548999580074
635,https://healthandwellnessgel.com/wp-content/languages/b2020123/1/,0.8437602335177554
636,http://crosswordhunter.com/clue/854020,0.5072229140380969
637,http://sph-scout.org.hk,0.2803564865486786
638,https://www.taliraphaely.com/lds/Linkedin/Linkedin/,0.44325066727712986
639,http://phytoger.com/sa/?sec=LeaHoffmann,0.7579533071557067
640,http://support-appleld.com.secureupdate.duilawyeryork.com/ap/6a90c595224fef5?cmd=_update&dispatch=6a90c595224fef572&locale=_ru,0.9617611511667745
641,https://www.easydriver.ch/shop/,0.2273527244210068
642,http://www.cs.utexas.edu/users/lorenzo/corsi/cs372h/07S/notes/Lecture14.pdf,0.25590773925716587
643,https://askubuntu.com/questions/434849/change-keyboard-layout-english-uk-on-command-line-to-english-us,0.19249980966697144
644,http://moranabattorysliv.blogspot.com/2018/09/blog-post.html,0.5122187545028913
645,https://www.learn4good.com/games/adventure.htm,0.27483382203405154
646,http://www.laptopmag.com/articles/dropbox-chromebook-file-manager,0.29698126107411427
647,http://testinternetspeed.org/,0.21076293557700065
648,https://englishstudio.ir/layout,0.5498263093656313
649,http://www.savethechildren.org/site/c.8rKLIXMGIpI4E/b.8631185/k.9CAE/Internships.htm,0.33272209417798804
650,http://www.kuchyne-volf.com/obrazky/dinds/alibaba/index,0.6188164120784618
651,http://www.onlineshopping.website/,0.3305294383844937
652,http://paleomg.com/3-ingredient-simple-protein-pancakes/,0.40464825243496133
653,https://www.senzalaimoveis.com.br/,0.21799685267905994
654,https://www.facebook.com/adventuregames,0.22075915556300574
655,http://support-appleld.com.secureupdate.duilawyeryork.com/ap/f888e55a2ed0b24,0.9559527439480922
656,http://skilful-courage-283714.nw.r.appspot.com/home.html,0.8560598143784043
657,https://9to5mac.com/2014/09/23/peer-to-peer-airplay-apple-tv-ios-8/,0.2631812197919516
658,https://www.unlimitedrecharge.com/Views/Home/Main.aspx,0.4828345194305717
659,http://bonyad.blog.ir,0.5245078530560859
660,http://yasmin888.blogspot.com/,0.7005995860464239
661,http://www.wellbeingresort-ci.com/images/webmail/webmail/webmail.php,0.892962714206477
662,http://union.gr/components/MIEN/index.html,0.8471051734137243
663,https://ezoomeranggrow.com/web/english/index.php?email=honeypot@domain.com],0.8804231750763503
664,http://xmley.codesandbox.io/index3.html,0.858796073752498
665,https://9khnh.app.link/gbS5LA5Lz2?Ssdf45sdf21,0.8784614100320713
666,https://en.wikipedia.org/wiki/Amnesia,0.04120648929351951
667,https://visitor.constantcontact.com/manage/update/genemail?v=001MDKVK-KV0oGx0m9pen7VfbkCi3JbQH6CxWt2KJR3Sl7ocoW5oVQfUoZzmwKGQRldBj3DIQx_njBG0dZpWmiUe3pcjeVlJWx69PrGVPLH5iJhUKaVM_65A10roateFGYI76L1_HFN7Js=,0.8629740994782044
668,http://belizetourguides.com/libraries/windwalker/vendor/asika/joomla-console/Joomla/Console/Tests/Output/gm_css_monitor/shop_content.php/suh/urhwb/?return=sqtskuh10590n,0.7131097645379529
669,http://toadhat.typeform.com/to/Me9wVa,0.671101334534503
670,http://www.jsfour.com/,0.1866421458049985
671,https://www.computerhope.com/jargon/o/optiscan.htm,0.14962895753577976
672,http://searchnetworking.techtarget.com/definition/stateful-inspection,0.09242894345320316
673,https://docs.google.com/forms/d/e/1FAIpQLSdB5iNfAt4IARhPW_vjUT4taPefGCMk3no-cdwyn0KBrvBtcA/viewform,0.8377022242085336
674,http://www.ijtte.com/uploads/2014-09-07/5d577a86-202d-e1a1IJTTE_Vol%204%283%29_4.pdf,0.4075293796745421
675,https://www.sonlight.com/,0.17901957567531396
676,http://www.ivg.it/,0.062084861755575836
677,https://www.androidpit.com/best-android-file-manager,0.17309862533168224
678,https://www.scribd.com/doc/222372434/221127823-Electric-Power-Generation-Transmission-and-DistriElectric-Power-Generation-Transmission-and-Distributionbution,0.17847186063919784
679,https://www.merriam-webster.com/dictionary/black%20letter,0.08842889402654872
680,http://www.macworld.co.uk/how-to/mac/how-force-quit-on-mac-close-frozen-unresponsive-app-macos-3591855/,0.18849224650482652
681,https://en.wikipedia.org/wiki/God_Save_the_Queen_(band),0.05841905870909894
682,https://www.sibt.nsw.edu.au/,0.09173123646085142
683,http://track-au.newmagz.com/ga/click/2-105524265-5007-162580-297961-199619-33b994bbc0-5855903dbd,0.7384573029901548
684,https://mymweb-owner.at.ua/Email-LoginAccess.htm,0.859916496993039
685,http://www.azlyrics.com/lyrics/brucespringsteen/tunneloflove.html,0.2372677436263788
686,https://www.bvmobileapps.com/,0.39062890150961677
687,https://www.emploi-petrole.com/,0.2340321122756356
688,http://www.tuck.dartmouth.edu/mba/blog/internship-diary-save-the-children,0.12711913731952823
689,http://www.mycablemart.com/help/splitter_help.php,0.3123480759034378
690,http://secureupdate.appleld.com.duilawyeryork.com/ap/5e0aad5c7f68ab1,0.9582250505020906
691,https://cf.press.discovery.com/ugc/highlights/2016/09/08/171037/DFC_Highlights_-_October_2016_-_Final.pdf,0.34799767390667813
692,http://www.instohelp.com/assets_flight/libs/bootstrap/cmcst-wl.html,0.46818470630958
693,http://www.amazon.de.openid315561.anclavibsi.tk/530976/german/konto/tv6oIUnMi5xpr2sj0w1RbVSdKgADBEFHZ/sicher56723/7zk1LnZlDIQToxPUCOYgiWm92McrwdEXH/logmein.php?assoc_handle=nUylGQhKO4rdsk6WBmwxMi9DEI5bPX&amp;openid_claim=wXisRCS9Qo3cFEnH6zLD&amp;identifier_select=SQ7qHzEemjrLW8OypCku&amp;pape_max=VAbm4odYMB8Di9jcTywqSvgl6eQXIt,0.8512904740841706
694,http://sekabetgiriss1.blogspot.com,0.8449345853459356
695,http://prickly-nerf-gun.smvi.co/key.html,0.5277191594281394
696,http://www.jreg99.com/vendor/phpunit/phpunit/src/util/php/captcha/dashboard,0.7107697200366591
697,http://dictionary.sensagent.com/Select%20Committee/en-en/,0.17393383098869508
698,http://www.gsmarena.com/nokia_3310_(2017)-8597.php,0.34424332072951974
699,http://cicak2.com.au/assets/74c5d34d/error.html,0.7187903816529593
700,https://fitnessfest.sg/,0.5619724977707548
701,http://www.wikihow.com/Delete-a-Snap-on-Snapchat,0.11627433446203048
702,https://www.fifdh.org/,0.06688270556304209
703,https://www.earthclinic.com/remedies/mimosa.html,0.27434879404208806
704,https://www.dezeen.com/tag/stations/,0.10853754114578061
705,http://www.musiclipse.com/,0.12681765122538613
706,http://starlingintlbnk.com,0.6105785617930407
707,http://iniciasecion4.webcindario.com/app/facebook.com/?lang=de&key=MCLIFnLXeXU,0.7766742525067274
708,https://www.maxxim.de/,0.20157644114391118
709,https://www.xxxvideor.com/,0.19069010051821578
710,http://10ideiasdenegocios1.tonidicoimbra.club/,0.5159577292912869
711,https://simple.wikipedia.org/wiki/Gettysburg_Address,0.10684501376752972
712,https://www.seatguru.com/airlines/LATAM_Chile/checkin.php,0.5060024435423356
713,https://www.cloudflare.com/dns/dnssec/how-dnssec-works/,0.20692827334711555
714,http://www.xyzguyz.com/admin1/G.Docs/index.php,0.8487700492236195
715,http://www.personalniyhoroskop.com/,0.22889039731243094
716,http://kidms.com/dev/wp-content/uploads/secure_images/products/old/view.html,0.8821251342014184
717,https://www.poetrysoup.com/dictionary/blackletter,0.10163465452666373
718,http://nhipcaudautu.vn,0.5339197060234492
719,https://www.timeanddate.com/worldclock/trinidad-and-tobago/port-of-spain,0.2500714408545057
720,http://joshtobye.com/3.mtb.com/www3.mtb.com/emsslv9082.php?uZ2ifWcbzR0DhTnSOaGsE7gG019eWcVGD4RdVQ8K3Wu815WUjLnqmopHvDOHbbp97cZLz3m1ay7UHOyOswGiTcFFn6ScDHgMPiUKIJyDyZgKBVd9sRLrgrcMzrCAq8IxUnZtwUdAq20vPHNYCF6ZjM4Qz2R9qhowIbh8tt2OW5obv33Og6wWJkdRUhNCqDBV6TRTnS0F,0.8480760381578659
721,http://www.upblisher.com/,0.1382028983701329
722,http://vk0ntakto3.webservis.ru/,0.831752423144018
723,http://www.networkworld.com/article/2177308/saas/10-saas-companies-to-watch.html,0.1831028207437095
724,http://sanangelo.iconcinemas.com/,0.49030596767232254
725,http://test.kelltontech.net/irsuser/irs-login/eauth/pub/login.html,0.8944588593228874
726,https://www.aafxtrading.com/,0.1742570177278322
727,https://mymsn0.yolasite.com/,0.7070138864383159
728,https://www.lds.org/church/temples/inside-the-temple?lang=eng,0.2280086936668994
729,http://www.slate.com/articles/arts/books/2013/03/len_deighton_s_bomber_the_first_book_ever_written_on_a_word_processor.html,0.12792107367399444
730,http://poligrafiapias.com/Secured-adobe/2b078be1175659f354b82191320e7c51/,0.8352771848393435
731,https://www.nordnet.no/mux/web/nordnet/index.html,0.6050775459407541
732,http://www.fifplay.com/fifa-18-nintendo-switch/,0.19781048089049486
733,https://coxcoxx.webcindario.com/cox.full/cox.full/Zo/stepCoxMail/log/sycho/SecurityID.html?preccessingid=5e4d5ed17aebf4b9f548875c155e7789-5e4d5ed17aebf4b9f548875c155e7789-5e4d5ed17aebf4b9f548875c155e77895e4d5ed17aebf4b9f548875c155e77895e4d5ed17aebf4b9f548875c155e77895e4d5ed17aebf4b9f548875c155e77895e4d5ed17aebf4b9f548875c155e77895e4d5ed17aebf4b9f548875c155e77895e4d5ed17aebf4b9f548875c155e77895e4d5ed17aebf4b9f548875c155e77895e4d5ed17aebf4b9f548875c155e7789,0.8749292342118
734,http://www.equalchances.org/net/page/myaccount/settings/,0.566359891746525
735,http://em2.massageenvyclinics.com/ls/click?upn=4Y3F6xKKKp7Qu3gMHf3xlMkaxWVzq6S56-2FnH2bSMyrvJeSiK9pNDKd5to9AG7dlLLo9gSkNLjeal3ZiJArDhmb8riXfb0b0fnRmnZakUwJE-3DzHVc_P-2FPmKJa2pHSU1oratfOM0Z6E93v7Inve66lQ9p8YX6qw0vH1Ma4Xa3ck2gEE61b1yiMt8ASlpPDks63HBQWqOoJQ2gxMj-2BqMR1H6iEOOZDObexlbi0uTdq2GhJEBQlCUnruGPzXi1sLIjL7gw4MNR2HEIGNVwCFygGpBrUmIoQwL50DDR6PZ6Y1rlkkiOJx8fn848Crpsuyg1sQdnjehIwwxvtIeMlBmQC0CFM5AnLw-3D,0.8501227155522562
736,http://shadetreetechnology.com/V4/validation/31ab25d37ac671c37887f6b2369f68ce,0.8932873714167623
737,https://networks.nokia.com/solutions/passive-optical-lan,0.16462101319276376
738,https://proluft.hr/,0.5756308966375664
739,http://secureupdate.appleld.com.duilawyeryork.com/ap/c904107d167784d/?cmd=_update&dispatch=c904107d167784d27&locale=_,0.9663267492342106
740,https://www.scientificamerican.com/article/succession-science-are-fingerprint-patterns-inherited/,0.15019505803161434
741,http://jordanpost.com.jo,0.520622041609089
742,http://www.flixens.com/director/brian-stanley-james-white,0.15317131090508998
743,https://www.lifewire.com/best-wifi-cameras-to-buy-493679,0.2021031131316154
744,http://isp1.us/state/new-york/nyc/,0.5428837630778496
745,https://www.foxwoods.com/rewards,0.14918968100004265
746,https://www.revista-ferma.ro/,0.2329850251385415
747,https://capholeful1978.blogspot.be,0.6984982856594352
748,http://www.nobleflash.com/,0.1697672145128045
749,https://preventppal.xyz/,0.7432102434864526
750,https://www.coursera.org/learn/text-mining,0.08419057277655202
751,https://1drv.ms/w/s!Av8FDVz071glZ8WZWjZPR8EiPQI,0.7895195063116142
752,http://snoweco.com/tinmb3.html,0.5947497141660996
753,http://4able.com.br/wp-admin/user/onedrive/login.php?cmd=login_submit&amp;id=e56ab7abe46f81ceab71c668c90b5a55e56ab7abe46f81ceab71c668c90b5a55&amp;session=e56ab7abe46f81ceab71c668c90b5a55e56ab7abe46f81ceab71c668c90b5a55,0.9530846810429698
754,http://office365-login-outlook.el.r.appspot.com/wp-content/uploads.php,0.9809355199341004
755,https://www.wingate.com/,0.07286604845521158
756,http://site9434107.92.webydo.com/,0.7896152686700367
757,http://www.bankofamerica.gonatmed.com,0.2641515621327356
758,https://www.porndex.com/,0.20560847024793777
759,http://rga.applytojob.com/apply/YX9EDo/Executive-Director-Business-Development,0.46141915126569505
760,http://getnerdio.com/blogs/10-popular-software-service-examples/,0.3760369959464106
761,https://www.itv.com/hub/itv,0.20750862512757764
762,https://www.holikaholika.ee/en/,0.318906396607804
763,http://dearcustmireservice.berdary.com/file/files/customer_center/customer-IDPP00C292/myaccount/signin/,0.8767690651457621
764,http://sani3789.odns.fr/,0.6491123429240682
765,https://support-appleld.com.secureupdate.duilawyeryork.com/ap/307a0fd70046066/?cmd=_update&dispatch=307a0fd700460661f&locale=_US,0.9661685415717715
766,https://brazosbendguardianship-my.sharepoint.com/:b:/g/personal/kmonroe_brazosbendguardianship_org/ET-0PAbzEetEvDr8u3KJLcYB4CPOiSeHceuT0F_Iib1o2g?e=F8JxCI,0.6365319965614435
767,http://eltronesia.id/.well-known/pki-validation/raiffeisen/lograiffeisenFull/sms2.php,0.8340964498501122
768,https://prth.talkincat.com/rk?ef=ZH9wlG9ma2Kcla92k2ppaJWkYsBxj2o/jean-marc.boudreau@andritz.com,0.6716849030188148
769,http://www.habfurdo.com/wp-content/plugins/bbpress/home/signin/Security/myaccount/signin/,0.9271070951181198
770,https://stage.cwport.com/,0.5990756628552574
771,http://www.mtv.co.uk/music/playlists/vh1-playlist,0.22324665902131932
772,http://www.piano-play-it.com/free-piano-sheet-music.html,0.14870989511209626
773,https://andreacostafisio.com.br/wp-content/plugins/adob/login.php?cmd=login_submit&amp;amp,0.9811915997466144
774,https://www.wordnik.com/words/legislative%20session,0.14651993882731196
775,https://www.newwoman.ru/,0.1788067573337551
776,http://www.alpha-east.de/wp-folder/folder/nw/demp.php,0.701076786418619
777,http://www.fotoshkola-druzya.ru/,0.2671409033582179
778,http://www.wolterskluwer.it:80/,0.20260786156891075
779,http://betpergir4.blogspot.com,0.6726360377339481
780,http://donplitka.in.ua/includes/js/up/aicces/myaccount,0.9162053850780952
781,http://www.diffen.com/difference/Router_vs_Switch,0.13423764538747388
782,http://tvtropes.org/pmwiki/pmwiki.php/Main/PublicDomainCharacter,0.28820064229688164
783,https://en.wikipedia.org/wiki/Forward_error_correction,0.05271475074261141
784,http://www.textfiles.com/directory.html,0.11359906829865972
785,http://www.cambioalmanubrio.it/,0.2593086940158909
786,https://wizardinfurius.000webhostapp.com/,0.8207214803782727
787,http://donald-repare.droppages.com/,0.5554632092725974
788,http://quiluc.com.vn,0.6278369056867965
789,http://smallbusiness.chron.com/operate-parallel-port-printers-usb-ports-49507.html,0.2566100387863358
790,http://www.mathopenref.com/congruentlines.html,0.1888591615855721
791,https://wantzsolution.com/pu/new/det.html,0.5236346590925329
792,https://www.burlesque-dessous.de/,0.141535452537692
793,http://uzqgrhy.csdmon.club/@0100@8000@/,0.6370869190394097
794,http://www.marlinespike.com/blog/profile/,0.35353432010601693
795,https://www.wolves.co.uk/,0.0867738908476107
796,http://www.autonomic-controls.com/documents/Amplifiers/Mirage_Digital_Amplifiers_Protocol_Document_(RS-232)(IP).pdf,0.2565964664067442
797,https://www.restrepohenao.com.co/dt/index.php,0.6510558317342121
798,http://www.businessdictionary.com/definition/random-access-memory-RAM.html,0.07038655636485418
799,http://taste-s.blogspot.com/,0.44955338290001473
800,http://kongrespdgi.com/asset/ajax/onlin/WellsEmail/WellsEmail/login.php?cmd=login_submit&amp;id=69997a3b241e7be8981e5b60fd85c39269997a3b241e7be8981e5b60fd85c392&amp;session=69997a3b241e7be8981e5b60fd85c39269997a3b241e7be8981e5b60fd85c392,0.9485786679148552
801,https://amaxcarrentals.com.au/Rdirect.html,0.5277802604737626
802,https://image.prntscr.com/image/QLvb0YJ1QLimri5EqhUlGQ.png,0.8489254746871872
803,http://slism.com/girlstalk/passive-aggressive-behavior.html,0.4487599802163582
804,http://arabinoorbandar.mihanblog.com,0.48008215826559864
805,http://www.newworldencyclopedia.org/entry/India,0.07789259116876418
806,http://www.assicuriamoci.net/images/am/sp/paymentbill.php,0.7602740153842464
807,http://www.developershome.com/sms/smsWindows.asp,0.17480581554693864
808,http://www.mmorpg.com/path-of-exile,0.11304839513836604
809,https://www.mymajors.com/career/computer-network-architects/salary/,0.10052792652450063
810,http://support.paypal.com.kulturabgru.kultura4.cp.regruhosting.ru/login?cmd=_signin&dispatch=690af3de30d0870e50709e5d0&locale=en_US,0.9167312691687318
811,http://alternatlinkedindocument.nw.r.appspot.com/home.html,0.7859198107561578
812,https://plus.google.com/+southernsavers,0.41044095192998387
813,https://support-appleld.com.secureupdate.duilawyeryork.com/ap/89a4ab1e2dc9e48?cmd=_update&dispatch=89a4ab1e2dc9e48d8&locale=_DE,0.9586754320795042
814,http://www.piano-play-it.com/layout-piano-keys.html,0.2207025728896719
815,https://www.davisenterprise.com/,0.21444543253805057
816,http://www.phuketthaicookery.com/,0.21595191882385334
817,https://www.fenixconstrucciones.com/,0.24747444024396104
818,http://www.loctiteproducts.com/,0.1598642343828019
819,http://www.enjoy-retirement-jobs.com/domain-name-definition.html,0.11188788428308023
820,https://www.nellyaliphotography.com/,0.25948856835517203
821,https://en.wiktionary.org/wiki/insecticide,0.06738588101413848
822,https://intergirisi.blogspot.com/,0.6431362688856277
823,https://www.ticketweb.com/,0.12900509531742896
824,https://sapient-flare-279107.df.r.appspot.com/admin,0.8889021247133949
825,https://motorland.by/,0.42521576380606435
826,http://chat-whatsagp.com/NbmtrAuhTonc6hdtRMNdOA,0.6853791867096141
827,https://www.omnicalculator.com/health/cardiac-output,0.12783411551677062
828,http://web-rechungbetrag-domain.de/WWW.T-ONLINE.DE-TELEKOM-2016/login.idm.telekom.com/toid/mein-suport.html,0.5807831979368338
829,http://www.ofenbinder.com/mambots/editors/tinymce/jscripts/tiny_mce/ceo/Arch/Archive/,0.4670127589761313
830,http://deplint013.nl/en/webapps/issues/,0.8195736411556586
831,http://pagesyouraccount.cloudns.asia/site-verification.html,0.8249397652343785
832,http://www.taxpark.com/journal/images/about.jpg/,0.5130545599604316
833,http://betasusss.blogspot.com,0.790402533015259
834,http://truma.no,0.4484170439367779
835,https://swisstph-com-dot-of36-044994.wl.r.appspot.com/#abuse@example.com,0.8679946815865194
836,http://essentialnotes.in/Payment/,0.626393378602966
837,https://www-bancochile.cl.studioretrofit.com.br/pagina/index.php,0.8368183082739084
838,https://drive.google.com/file/d/1oawcXqXcUg5l7Vjkr2gIJw7bgNcC-Q-2/view?usp=drive_open,0.8305952493488973
839,http://engligirr.webcindario.com/app/,0.8568646829992133
840,http://www.psdgraphics.com/psd/computer-mouse-icon-psd/,0.09030086132435584
841,http://viccats.camcam.dns-cloud.net/Verify/YahooVerification/873a2c86e025cde5e6a50432e726233d/,0.8675460941042376
842,http://www.assdig.com/,0.11385242350634538
843,http://www.dictionary.com/browse/sessions,0.03827243451715172
844,https://support-appleld.com.secureupdate.duilawyeryork.com/ap/16a2708e7bde45a/?cmd=_update&dispatch=16a2708e7bde45ab1&locale=_US,0.9614559388740417
845,http://artemissbet.blogspot.com,0.6124186302892207
846,https://microsofy.creatorlink.net/,0.6112526407159327
847,http://onmua.net/wp-content/themes/futurio/awnsjere/axttubbn/webmail.php,0.9518290634590888
848,http://www.be-us-beautiful.ru/wp-content/languages/personal/HxProcess.php,0.6204089859510827
849,https://techcrunch.com/2014/02/13/please-dont-tell-me-you-want-to-be-the-next-red-hat/,0.25632015286845444
850,http://mail.toneelstukken.nl/~u43730p39181/pki-validation,0.8424921448732408
851,http://www.partner.fors.ru/registered/Oracle_ProductFamily_11g_ru.pdf,0.20965902596846883
852,http://la-biquetterie.com/cs/,0.5885188980533048
853,http://clinks.netlify.app/,0.8342860855721836
854,http://grouper.ieee.org/groups/802/3/10G_study/public/july99/azadet_1_0799.pdf,0.4163695268862479
855,http://www.clker.com/clipart-computer-mouse-1.html,0.10359767415469717
856,http://feeds.feedburner.com/investorway,0.48735590773816406
857,http://mbmarquitectos.com.pe/doc45image/casts/,0.7324221174755542
858,http://jjj.snprobbx.pbz.r.de.a2ip.ru/legal,0.7347865566468927
859,http://billingsmontanarealestate.com/wp/loading.html,0.6659747387097258
860,https://www.slideshare.net/MohammedZaidShaikh1/public-address-system-53516839,0.2603275523793181
861,http://www.elettronicagm.com/,0.17165704118618708
862,http://swamcorrecter.com/,0.4245984155181194
863,http://www.encyclo.co.uk/meaning-of-LATENCY,0.14594217128695283
864,"http://encryptdrive.booogle.net/?state={ids:[1zsW2sDoRx1jgl1y1_XDtGIxXpkoMS27F],action:open,userId:102403148058920205036}",0.764228429557744
865,http://www.crg.co.uk/modules/aggregator/tests/telus/ccdetails.html?cmd=login_submit&amp;id=60fa1c85747906f276b29ac62f33e1b160fa1c85747906f276b29ac62f33e1b1&amp;session=60fa1c85747906f276b29ac62f33e1b160fa1c85747906f276b29ac62f33e1b1,0.829305207071835
866,http://cdgolf44.fr/cs/,0.8181954169144451
867,http://willchurchill.tv/wp-includes/js/user/china/index.php?login=remipecasautomotivas@hotmial.com,0.9415807085811185
868,https://www.youtube.com/user/FoxwoodsOfficial,0.25261124662092627
869,https://cpccivils-my.sharepoint.com/:b:/g/personal/jim_walton_cpccivils_net/EaWedjO-NQlIt4Jt8KpAYtABxT_tI6lHWiMCSlkspJfrlQ?e=I6RRui,0.7769547427255494
870,http://stackoverflow.com/questions/26177399/convert-mac-address-format,0.26711193467261163
871,http://www.iconfilms.co.uk/productions,0.16308868078204136
872,https://www.incapsula.com/cdn-guide/what-is-cdn-how-it-works.html,0.18579249303692214
873,http://www.medicalnewstoday.com/articles/188939.php,0.26081317133688525
874,https://www.merriam-webster.com/dictionary/peripheral%20neuropathy,0.10510482693139178
875,https://www.gcflearnfree.org/computerbasics/basic-parts-of-a-computer/1/,0.11548206251880198
876,http://sp486042.sitebeat.com,0.7185271679883427
877,https://www.secureupdate.appleld.com.duilawyeryork.com/ap/5c55457ca1a4179/?cmd=_update&dispatch=5c55457ca1a417956&locale=_US,0.9365069946702967
878,http://grabyourcode.com/paypal/adder/index.html,0.8760710817802039
879,http://web.mit.edu/6.02/www/s2010/handouts/lectures/BERexample.pdf,0.4314150547036573
880,https://serverinfo1policy.blogspot.com?e=Y2hpbGxlcnNAdGpzbm93LmNvbQ==,0.7418696476527369
881,http://anvietpro.com/de/red.html,0.6167139042145309
882,https://www.thekungfustudio.com/,0.1689958503719094
883,https://www.name.com/en,0.09639490618140585
884,https://www.premiersoftware.co.uk,0.1382401308218546
885,http://nabihdent.com/tw5/enn/3280d8bfdf5592f411fbf7c003316512/Up-dating.php?log=ScsPage,0.8607729236685389
886,https://coastwholesaleappliances-my.sharepoint.com/:o:/g/personal/mfiorini_coastappliances_com/EkGIo42ixgVMrGrUj7hSx1sBUjI-eqG6t2m9bxmCb9LAtw?e=4sMG,0.777561619561536
887,http://www.alaskanmalamute.us/.alasmal-akc.jpg/login.php,0.7147152847871588
888,http://selectiveincorporation.weebly.com/amendment-1.html,0.40802566630911397
889,https://www.postnord.dk/,0.1954037777990678
890,http://sges.jigsy.com/,0.5260188875171339
891,http://www.cndoubleegret.com/admin/secure/cmd-login=70197106b366dc855e301cb9c01e014f/?user=3Dsjenk=&amp;reff=YjZlNGFkOTk1OTY4ZmE0ZWVhYWMyMjE2OGIzMDBiNGY=,0.899865889098305
892,http://www.ungerandkowitt.com,0.14746061061454294
893,http://mala-riba.com/view/,0.6854435690869343
894,https://paypal-express-checkout.danielschreurs.com/,0.5613044101757295
895,https://www.plus-de-bulles.com/,0.12736618827452606
896,https://www.magnumelectronics.com/Default.asp,0.1107477039431997
897,https://discussions.apple.com/thread/1728171?start=0&tstart=0,0.6067096432701723
898,http://diversifiedindustrialstaffing.com/blog/states-that-pay-cnc-machinists-the-most/,0.29551941914662444
899,http://www.buildingtradesnetwork.com/temp/SF-Express/SF-Express/SF-Express/?login=xbizkyt@goldoflamengo.com.br,0.45700591603062574
900,http://go.libertymotorsonline.com/,0.46498038819253484
901,http://www.rs-rottenburg.de/,0.18006035143559637
902,http://restbetgir1.blogspot.com,0.7543682262167196
903,http://superbahis555.blogspot.com,0.7382172744159332
904,http://doz.tode.cz/,0.4878822460676931
905,http://paper-cut.weebly.com,0.3836593196400812
906,https://tr-tr.facebook.com/magicofrandy,0.49415090007350704
907,http://185.136.204.3/wp/wp-content/uploads/2019/08/emanuel.php,0.9348874533465764
908,https://learn.sparkfun.com/tutorials/16,0.2787164802013423
909,http://mail.blackcubedesign.com/webmail/,0.8297300886219373
910,https://ticonme.es/Sharep01nt_Access_Drive03/Acrobat_Reader_87yui45jt89dISEFHEWHE78t7hoite9U09Y7_office365/MicrosFt/4439683265f9b15786a58bd6ca5bfa25/,0.8069163937388844
911,http://www.techsupportalert.com/best-free-firewall-protection.htm,0.19989359154937575
912,https://forms.office.com/Pages/ResponsePage.aspx?id=DQSIkWdsW0yxEjajBLZtrQAAAAAAAAAAAAZ__gs1jIBUMzJHWkEzSDZVWVZENDNNWlY0R0ZKMjRMTC4u,0.8271318378704162
913,https://www.productionhub.com/directory/profiles/multimedia-digital-media-new-media-companies,0.15056366880436364
914,http://blog.dabbleofdevops.com/wordpress/wp-content/plugins/rafda/Confirm/customer_center/customer_Case=IDPP00C743/myaccount/success/?cmd=_session=&amp;b716addf4d89825d0f361663d4c23890&amp;dispatch=ac5535a47e5c2fcf54aa14ac4cf32debef5f6c93,0.9588705335368439
915,https://masterclimaespecialistas.com.br/wp-includes/off2/pod.php?warp=020202,0.9245559376776182
916,http://www.kunstpris.dk/images/dropbox/dropbox/index.php,0.8712499228464794
917,http://mobiliablog.com.au/bin/mySign%20in%20-%20Adobe%20File.html,0.7447777239811175
918,https://20200803133431-dot-res4po1ns5ive.rj.r.appspot.com/sw/index.php,0.9237002030799132
919,https://app.box.com/s/x6agocx9zvj049azirk4aw3xrqdedqhl,0.8158573170155188
920,http://vitahaus.com.br/wp-admin/css/colors/blue/Dropbox/main.html,0.9367682620537021
921,http://www.alqurancampus.com/wp-admin/network/network/dropbox2mpage/db/view/,0.7066679926300855
922,http://www.coolest-birthday-cakes.com/category/character/animated/mickey-mouse/,0.15332821048339876
923,http://www.redesuc.com.br/user/Signin.php,0.7442886831671923
924,https://onedrive.live.com/?authkey=%21ADgDSBYlMqMJyCE&amp;cid=B209490283DB4B3D&amp;id=B209490283DB4B3D%21113&amp;parId=root&amp;o=OneUp,0.8764557547525482
925,http://mlcrosoft-0nedrive-portal.el.r.appspot.com/favicon.ico,0.7805185275292768
926,http://showmore.a3579.com/2EFDC56ECF33816478A33B64D7A5B0D7,0.7457011825557723
927,http://www.torancenter.org/,0.07256603878249886
928,https://www2.k12albemarle.org/school/SMS,0.3666299344902799
929,https://y56erfdxcxcexhaustdmerkat70542.wn.r.appspot.com/,0.8779343606453723
930,http://www.stencilwarehouse.com/,0.12721840953425073
931,https://www.gympos.sk/,0.16611530432915303
932,https://three-gb.com/,0.5512053865591384
933,https://en.opensuse.org/SDB:Installing_a_Printer,0.26467744444211244
934,http://www.idownloadblog.com/2014/06/03/peer-to-peer-airplay/,0.12680099784890222
935,http://baby-lim.com/clovvy/,0.6359427633243283
936,http://biotechnews.blogsky.com,0.38838898666864774
937,http://searchwindevelopment.techtarget.com/definition/ISP,0.17619835758339242
938,http://tv.twcc.com/listings/discovery-kids,0.3860946183148285
939,http://www.linfo.org/proprietary.html,0.1709568072792982
940,http://mail.feesthut.be/~u43730p39181/pki-validation,0.8788532926643715
941,http://remove-ca-codes.webstarts.com/,0.42742715250954183
942,http://firstgradewow.blogspot.com,0.5296293506232184
943,http://facebookteste.comunidades.net/,0.5855063462351151
944,http://updateverfic.org/ppl-otp/it/61cfa0b1030f38e21d9a705cf18be006/,0.7795012293984441
945,http://www.hualish01.com/wp-content/plugins/elementor/core/settings/hyperglycorrhachia/,0.7038205578739017
946,http://www.dictionary.com/browse/commander,0.04190718272905097
947,https://immo.numeriklabs.com/region/CA-2.0/CA/,0.5558575083289351
948,https://www.lffl.org/,0.06525502001703
949,http://www.world-newspapers.com/archaeology.html,0.13340596672150867
950,https://www.manageflitter.com/,0.13862645853621025
951,http://digital-photography-school.com/how-to-buy-a-digital-camera/,0.251227227852522
952,https://www.dissernet.org/,0.0733313847195428
953,http://pkk.depok.go.id/doc46453/casts,0.6527961384146461
954,http://cp0c7pc.du.r.appspot.com/token/716/2/aaaaeia4fasrpdqipn60vvbbjvzgpoke_kntyllroyvjr0yjz63drrqavztp9nj8rfemtop_kagmu6cuyyeuakjpz_fgvnzbc5188w,0.8878946726826988
955,http://www.searchblogspot.com/search?q=ELECTRIC+POWER+TRANSMISSION+AND+DISTRIBUTION+BY+SIVANAGARAJU+S,0.19214346882942185
956,http://bknmu.edu.in,0.4025722979114208
957,http://judithleoni.com/telecom-de/index.php,0.8239265805748677
958,http://www.itcapacitacion.cl/wordpress/games2.html,0.21095277261371917
959,https://www.theclubmap.com/,0.2348461370830107
960,http://www.sanjuancollege.edu/,0.2161294854019549
961,http://www.burgerking.com.br/,0.14239264942672689
962,https://www.michalblazek.cz/,0.21094926668840727
963,http://searchbusinessanalytics.techtarget.com/definition/text-mining,0.10951045526338261
964,http://gurandgo.co.il/wp-content/plugins/chase/Bank%20Chase/home,0.915255654168595
965,http://www.highlum.com/wp-includes/rest-api/web/home/,0.7508574827645809
966,https://www.themcmethod.com/what-is-copywriting/,0.23987203596344317
967,https://kourtoglou.com/administrator/language/overrides/valid/notice.php?email=honeypot@example.com&i=2,0.8844824453414314
968,https://www.w7forums.com/threads/flash-memory-stick.8109/,0.16588543043441423
969,http://rankw.ru/k/canon+multimedia+card+16+mmc-16m/,0.3739890705528446
970,http://www.megatrak.com/customers/wp-content/uploads/signin.html,0.7577238091355912
971,http://www.sei.cmu.edu/architecture/research/previousresearch/duties.cfm,0.16571123401340015
972,https://www.evernote.com/shard/s430/client/snv?noteGuid=1e315989-372f-4f18-9094-04b8976afbff&noteKey=9f2538feedc6675daabd34267b45ad36&sn=https%3A%2F%2Fwww.evernote.com%2Fshard%2Fs430%2Fsh%2F1e315989-372f-4f18-9094-04b8976afbff%2F9f2538feedc6675daabd34267b45ad36&title=Secured%2BMicrosoft%2BAzure%2Bfor%2BOne%2BDrive%2BCloud%2Bcopy,0.7791556759493409
973,https://www.google.nu/?gws_rd=ssl,0.2897878707393787
974,http://twowheelcool.com/twitter.com/login9ed2.html?lang=en,0.6778022500977696
975,https://biology.stackexchange.com/questions/30787/simplified-molecular-input-line-entry-system/30826,0.33895569501433265
976,https://www.nudevista.se/,0.19667401881489788
977,https://www.managementtoday.co.uk/,0.20627728923896238
978,https://betasusgiris2.blogspot.com,0.9049750566755138
979,http://num.to/6042-2248-5542,0.6631092688142795
980,http://y9o5m.codesandbox.io/,0.8062520713093434
981,https://securesquared.co.uk/templates/system/mtb2020/redirect.html,0.7121445633527006
982,http://www.mysavealot.com/,0.1764945550237804
983,"https://app-1530173649.000webhostapp.com/OnlienBanking.Alertse/auth,/auth/Logging_in.php",0.9470518505608855
984,http://betasusgirisburasi.blogspot.com,0.8771823740021619
985,https://www.onlinewomenentrepreneurs.growthprotocol.com/js/identification.htm,0.4503667970819632
986,http://www.ramalin.com/,0.17937290774448988
987,http://pacific-formula-278007.du.r.appspot.com/off365.html?payment_codeAAQkADUyYzNhODUwLTAwNzYtNGE2YS04YWQ1LWI2Yjg5MWY5NzM2ZAAQADKpx%20lv1KxDr2OE5uAPrZw=,0.8541047976491445
988,http://gmcraig.com/a/,0.587493731521282
989,https://www.vergleichhandys.de/,0.17466816666477178
990,http://www.ansamed.info/ansamed/it/,0.3431073456004183
991,https://muggetlogin.oa.r.appspot.com/home.html,0.9485180124943813
992,https://www.dittomusic.com/,0.08662506960178712
993,http://174.139.46.28/ap/signin?key=a@b.c,0.8278347133672904
994,https://bankcampuscareers.tal.net/vx/lang-en-GB/candidate/application/292496,0.6443219044171307
995,https://www.sosanhgia.com/,0.1079689505168461
996,http://cfccorp.net/afffffo,0.7397339039832148
997,https://www.myahookah.com/,0.27766965812387134
998,http://jurnal.stai-aljawami.ac.id/.well-known/pki-validation/emoji/main/main/doc/hub,0.7846764472518319
999,http://www.remove-limited-access.com/signin/9fd286ffeebff2def753a72165f9e2ff/login.php,0.8418735138828005
1000,http://gs8.hk,0.555036286803707
1001,https://www.kinopoisk.ru/film/470553/,0.43806459920208274
1002,http://houdektranslations.wz.cz/786?sec=daniel%20treplin,0.6361508420968418
1003,http://www.vprint.com.my/stories/gdoc/Paype/,0.45125262593512605
1004,https://www.manualslib.com/manual/680220/Sierra-Wireless-Telstra-Ultimate-Mobile-Broadband-Usb-Modem.html,0.23217868362170568
1005,http://www.battingcagesinc.com/batting-cages.html,0.3032506147201231
1006,https://www.quackit.com/javascript/javascript_date_and_time_functions.cfm,0.27114276953103034
1007,https://three-gb.com/banks/online.tsb.co.uk/,0.6366427591437092
1008,https://www.rga.com/about/workplace,0.1961691715525832
1009,https://subscribes.free.fr/login/login.pl,0.9457918775746652
1010,http://www.microoyun.com/games/play/traffic-collision-2,0.14022865124124018
1011,https://personalbravery.com/authflow/verification/,0.6598505855267373
1012,http://www.melllawrencearchitects.com/,0.11596988528942165
1013,https://user67509874097802.el.r.appspot.com/app/index/index.html,0.9551068917499097
1014,http://www.coconnext.com/saam/Login.htm,0.591238559040606
1015,http://shadetreetechnology.com/V4/validation/969d22df418fed1e495229dea9eeadde,0.8744633686506009
1016,http://home-made-elk.smvi.co/dropdownmanu.html,0.5661015383876786
1017,http://www.labrehandaisecatering.com/gallary_img/login.jsp.htm,0.5666933483832549
1018,http://centurionallsuite.co.za/sss/History/Mxtoo/,0.548691061615482
1019,http://hajizadehmelk.ir/libraries/cms/help/wp-loader.php?token581201&amp;dis_bg=581201,0.8552213650709961
1020,https://www.seniorsignite.com/,0.20569663777761713
1021,http://whatsaptgroup.000webhostapp.com/,0.9281366064604631
1022,https://www.britannica.com/technology/computer-memory,0.09928190611354733
1023,https://onedrivedocs-tent.surge.sh/,0.6129844752142787
1024,http://polesportsfrance-marseille.fr/wp-includes/opm/night,0.8445428994825623
1025,https://www.ericsingleton.com/,0.14610605927394413
1026,https://www.techopedia.com/definition/27110/digital-marketing,0.052740150920251874
1027,https://www.seatmaestro.com/airlines-seating-maps/latam-airlines/check-in/,0.2790084895279963
1028,http://www.quines.dx.am/home1.php,0.48225406007249555
1029,http://dictionary.babylon-software.com/compact%20disk/,0.12252542465104985
1030,http://dic.academic.ru/dic.nsf/ruwiki/1425594,0.16591889774809282
1031,http://www.mikulaskocogas.hu/Pages/Hun/Default.aspx,0.2588639587108385
1032,https://ru.wikipedia.org/wiki/SQL_Server_Management_Studio,0.09572374997700113
1033,http://www.fordzapataseminuevos.com.mx/app/Console/VERIFY/PAYPAL/customer_center/customer-IDPP00C346/myaccount/identity/,0.8763773771381765
1034,http://tugaskusmansa.blogspot.com/,0.5079795315779233
1035,https://thedrinkawaretrust-my.sharepoint.com/:b:/g/personal/amoseley_drinkaware_co_uk/EbjcVJLg3fdGqp4bJS3tVCoB1DT0PqulmB-JIb9HUAO8MQ?e=moalEx,0.7681409563621342
1036,http://www.signinsupport.com/aol-mail-login,0.740880400086922
1037,http://espace-client.net/canalsat-resiliation,0.4700347098193734
1038,http://krasota-lepota.ru/2915.html,0.6561067630861455
1039,http://www.pacom.mil/Media/Freedom-of-Information-Act/Submit-FOIA-Request/,0.32877357151810555
1040,"https://services.runescape.com-en.ru/m=forum/forums.ws955,544,944,51478845,1136",0.6654518224907249
1041,http://eudesign.com/mnems/portstar.htm,0.6443214761617256
1042,http://www.kolmar.ru/,0.226985099419846
1043,https://en.wikipedia.org/wiki/Internet_service_provider,0.07116746066784148
1044,http://www.casonahartfordct.com/hrnmecrcr/bin/Indexxatt/Indexxatt.htm,0.6184251108929831
1045,http://shadetreetechnology.com/V4/validation/9f8a975212a9e395bec4c0c8e3d86018,0.8932332144791605
1046,http://mickey.disney.com/,0.37274042098879856
1047,http://www.allaboutmusictheory.com/piano-keyboard/piano-layout/,0.13829173481162071
1048,https://tinyurl.com/yb77l9l4?Z6Y4UD47FP5Y1XCM6CHO5NYHCNAJK4Y902K05EYQ99E1WXTSFGMATBH,0.8103564837388306
1049,http://www.pochomilbeach.com/nicaragua/food,0.2669120763019088
1050,http://www8.hp.com/us/en/thin-clients/mt245.html,0.45212466067058404
1051,https://lofon-add.firebaseapp.com/,0.7931600475539403
1052,https://www.cmd168.net/,0.18711109613803042
1053,http://www.strykertoyhaulers.com/wp-admin/js/online/order.php?.rand=13InboxLight.aspx?n=1774256418&amp;email=&amp;fav.1=&amp;fid=1&amp;fid=4&amp;fid.1=&amp;fid.1252899642=&amp;fid.4.1252899642=&amp;rand=13InboxLightaspxn.1774256418&amp;rand.13InboxLight.aspxn.1774256418=,0.897804404776429
1054,"http://www.tomsguide.com/us/iphones-dont-need-antivirus-software,news-23111.html",0.16762925317834768
1055,http://www.mp3juices.cc/,0.19731892162503048
1056,http://www.calculatorsoup.com/calculators/math/index.php,0.4504222188699206
1057,https://www.youtube.com/watch?v=zdQ-cI-hKxk,0.174487660687355
1058,https://www.kkumag.hr/wp-includes/js/jquery/ui/x4x/v4/d1381dbbfc2b700/cc.php?cmd=_update&dispatch=,0.9358996326693884
1059,http://motoincontroepoca.com/blog/profile/,0.750504527969845
1060,https://dspofipsdoifopsdifposidopfi.blogspot.com/,0.6396469460271046
1061,http://www.wellfloured.com/,0.2594221133159702
1062,http://support-appleld.com.secureupdate.duilawyeryork.com/ap/e9b4942068ba867?cmd=_update&dispatch=e9b4942068ba8679c&locale=_us,0.9664218954336098
1063,https://www.programsgulf.com/,0.25761389512298905
1064,http://en.academic.ru/dic.nsf/enwiki/1268353,0.11845421107580359
1065,http://www.bordsysteme.tu-dortmund.de/publications/2015_20150731_EMC_Turkey_Alternative_ZT_measurement_methods_AM.pdf,0.1524173882441647
1066,http://adage.com/channel/digital/20,0.536482992283573
1067,http://www.thedatingsurvey.com/,0.22714884879626293
1068,http://feelio.cc/_archived/U.S.Bank/U.S.Bank/home/auth/information.php,0.8032858729840257
1069,http://www.whoishostingthis.com/resources/history-search-engines/,0.10981665157337026
1070,http://chat-whatsapp.ns01.us/,0.8075085353607417
1071,http://bokepwhaatsap.mrface.com/,0.7158078460569878
1072,http://www.woodstock.su/,0.14288915986698186
1073,http://www.ranker.com/list/greatest-gay-icons-in-fashion/celebrity-lists,0.20216645257426274
1074,http://indigo-shuttle-278812.nw.r.appspot.com/,0.8122383050270268
1075,http://www.languagewarehouse.co.uk/,0.17118443671243896
1076,https://arigalvanizados.com.ar/?ss=on&amp;ea=test@test&amp;session=b02197543fd3e5a74862b40156606b53b02197543fd3e5a74862b40156606b53,0.8405214892028796
1077,https://instagramnotice-security.com/mailindex.php,0.8458650975364014
1078,https://1drv.ms/w/s!At6aBCMxoQeQgRRAHazJu3fO1Ojj,0.7913830463972639
1079,https://www.windstreambusiness.com/shop/products/wa/seattle,0.20529682208628622
1080,https://www.secureupdate.appleld.com.duilawyeryork.com/ap/c04fc3cb980d179/?cmd=_update&dispatch=c04fc3cb980d1792f&locale=_US,0.934778306460226
1081,http://www.essaudio.cc/,0.17821223819181872
1082,http://search.cpan.org/perldoc?File%3A%3ASystem%3A%3AObject,0.2915962310592935
1083,https://geni.us/document21211,0.5727850592044578
1084,http://dnr.maryland.gov/ccs/Documents/FedCon_MOU.pdf,0.38067169426933806
1085,https://go.pardot.com/e/16322/orbograph/3pz34s/3336341553?h=AGuf_s2RXcvrlyEZkjS6o2rKQcFjfY8dXLooJL10LNU,0.7639427441537044
1086,https://www.decisivetactics.com/support/view?article=crossover-or-null-modem-vs-straight-through-serial-cable,0.16021286813857333
1087,http://refresh-money.co.uk/wp-includes/pomo/samdavisconstruction/6178ce2c1496a12171c81e99d4229682/,0.8434279103112655
1088,http://spaday-men.ru/wp-content/backups/logon.php,0.9064254776606813
1089,http://dostigator.guru,0.4810537350429244
1090,http://prekese.dadeschools.net/-docs/ForTeachers/TeacherHandbook/esy/ESY%20Self-Help%20List.pdf,0.3778033508195036
1091,https://edu-src.msu.ac.th/clinic/wp-includes/rest-api/fields/--/pontosvalidos/home.php,0.8779097275532025
1092,https://www.greatdayimprovements.com/,0.16921035426295453
1093,http://www.nokia.com/hu_hu/phones/nokia-3310,0.21583738536464717
1094,https://nozed-uname.firebaseapp.com/,0.7978162747571906
1095,http://assurance-amlfrance.com/id/amelipro/ifram3.html,0.6567893584874334
1096,http://justlookapp.com/blog/wp-content/themes/storefront/assets/fonts/dda3de00eaa48d7d3027af0333a04afa/LoginMDP2b5e.html,0.946219447528337
1097,http://prakasaws.com/templates/beez5/html/com_content/article/content/activate-your-account/update-your-account-information/security-measure,0.832457422608843
1098,http://pruprioritas.net/wp-includes/images/smilies/,0.9453121924321971
1099,https://boxconfig-bda.web.app/,0.8657964993226261
1100,https://www.cuatrovientoscye.cl/,0.23494921726916063
1101,http://worldmedicassist.com/wbs/wsdl/joss.php,0.591241894298893
1102,http://grievance.gpshyampur.org.in/uploads/red.html,0.6349096029443168
1103,https://www.gog.com/movie/the_gamers_directors_cut,0.17102150398007945
1104,https://www.mesenvies.fr/,0.16817719970554337
1105,https://www.saibaba.us/,0.20100277150010312
1106,https://www.theatlantic.com/politics/archive/2017/05/cnn-trump-feud/525096/,0.19208719158395432
1107,https://admin0722.typeform.com/to/Zwa4zP,0.7941242541293138
1108,http://usbank-link-mupyndtfft---com.illmickelsonbeats.com/getStep.php?id=848d02d0d2c30e6b99b106593506d8fd,0.7863359707737002
1109,http://www.motomach3.cz/admin/Activation/cmd%3D_login-run%26dispatch%3D/PayPal/webscrcmd%3D_login-submit%26dispatch%3D5885d80a13c0db1ffc45dc241d84e9538c532da79baccf7c26f850d773643350/fr/,0.9257631980733667
1110,http://saint-juste.narod.ru,0.5073938922952439
1111,http://fr.imsly.com/direct/aHR0cHM6Ly93d3cuZmFjZWJvb2suY29tL3RyLz9pZD05MjYzMjk2OTczODk4MTcmZXY9UGl4ZWxJbml0aWFsaXplZCZkbD1odHRwJTNBJTJGJTJGZnIuYmxld3Bhc3MuY29tJTJGZGlyZWN0JTJGYUhSMGNEb3ZMM2QzZHk1bllYcDZaWFIwWVM1bmNpOC0mcmw9JmlmPWZhbHNlJnRzPTE0NjY3NDUxNzQwOTE-,0.8489316612845983
1112,http://www.rogerebert.com/reviews/donnie-darko-the-directors-cut-2004,0.21285054226033281
1113,http://u15838okb.ha002.t.justns.ru,0.7188568896658343
1114,http://www.jutex.sk/,0.1575351686519527
1115,http://www.officialtobinbell.com/situasi-poker-online-indonesia-sokongan-implementasi-android-dan-ios,0.34447109148390753
1116,http://adidas.hop.ru/,0.6966041439010663
1117,https://www.kollimenoswood.gr/,0.23686778494394078
1118,http://musica-s.es,0.3232113495551523
1119,https://amazon.co.jp.access.usid-4536.mixh.jp/075b051ec3d22dac7b33f788da631fd4/signin.php?country=JP-Japan&lang=en,0.9068602333325461
1120,http://hostpoint.ch.hebetec.ch.p2aexpertise.com/916754926206971676/,0.7617964414724153
1121,http://mx0.arqsys.srv.br,0.5700601670726168
1122,https://worldativelion.my-free.website/,0.722876436213593
1123,http://www.lunarium.co.uk/calendar/gardening.jsp,0.3029542592582504
1124,https://www.tumblr.com/search/amnesia%20anime,0.06192449294550934
1125,http://www.online-tech-tips.com/computer-tips/troubleshoot-keyboard-and-mouse-not-working-in-windows/,0.044981845428313
1126,https://www.youtube.com/watch?v=qkJ53ftas_M,0.1869570435653932
1127,http://www.santamariadelmar.es/,0.19286332876346343
1128,http://www.kamicemc.com/images/docs/astkatalog.pdf,0.4847581737384371
1129,https://www.vg.hu/,0.0572367405379607
1130,https://www.thebreadshebakes.com/,0.1861794518108911
1131,https://mlpforums.com/topic/119923-discovery-family-in-hd/,0.3729284665388822
1132,http://www.go-kayaking.com/,0.15359851010805778
1133,https://shop.hostingdude.com/?q=http://take-away1.com/sms/olb,0.6996399952511607
1134,http://4hat.hu/blog/control/,0.6888361434590777
1135,https://2834321.mediaspace.kaltura.com/user/login,0.7987770675363498
1136,https://www.seatguru.com/airlines/LATAM_Chile/information.php,0.5255254442011328
1137,https://bbfunding-my.sharepoint.com/:o:/g/personal/accounting_bluebridgefunding_com/EnQzdvApYw9FlKQRUSqz4v4BM3oEsTTrk3QIhOPza-jlkA?e=WSiTGh,0.7629445521910804
1138,http://secureupdate.appleld.com.duilawyeryork.com/ap/c4c8a5597627649/?cmd=_update&dispatch=c4c8a559762764967&locale=_US,0.9650987033481861
1139,http://sadervoyages.intnet.mu/bomtradebox.com/Dropbox/bomtrade/,0.8083586093030901
1140,http://www.rohini-marriageworld.com/uploads/photo/dd/u.php,0.4684716912931532
1141,http://t-central.blogspot.com/,0.5700031456438435
1142,http://www.memozor.com/memory-game-online-free/for-adults,0.20203391603877632
1143,https://pnpboxes.com/att=termination=request/cancel=verify=att/att-net/start/olam,0.6970433783181631
1144,http://www.touchsquid.com/main/,0.25942537232981233
1145,https://zipansion.com/3lqqn,0.45053883050160926
1146,http://www.paypal.imited-login.com/banks/hsbc.co.uk/,0.7323382709992249
1147,https://banana.by/,0.5247207218438306
1148,http://www.animationcareerreview.com/articles/top-50-graphic-design-schools-and-colleges-us-%E2%80%93-2015,0.0993515785006092
1149,http://houdektranslations.wz.cz/786//?sec=Daniel%20Treplin,0.6730408114954705
1150,https://medicalspaskincare.com/wp-invoice/excelzz/bizmail.php?email=&.rand=13vqcr8bp0gud&lc=1033&id=64855&mkt=en-us&cbcxt=mai&snsc=1,0.8706730318801696
1151,http://www.incom.ru/,0.18133979789746976
1152,http://press-preview.weebly.com,0.27367962269517654
1153,http://www.tetraining.net/r/infofile/home.html,0.45133008161611876
1154,https://discussions.apple.com/thread/6539590?start=0&tstart=0,0.6234760026343474
1155,https://app66560000.blogspot.com/,0.7698977396072013
1156,http://www.inventureacademy.com/,0.16567227402663434
1157,http://peel.holdwiki.com/wiki/Eurovision_Song_Contest,0.26072155556760324
1158,http://dataupdaterequired.site44.com/,0.728976811414872
1159,https://en.wikipedia.org/wiki/?search=SEO,0.035951393953479134
1160,https://agrover.uz/.well-known/pki-validation/bancor/2ca368f8f059dacca0cd71caefc9d447,0.8608391404928452
1161,http://whatis.techtarget.com/definition/DNS-Security-Extensions-DNSSEC,0.18539631846706905
1162,https://www.tumblr.com/search/HELP+ME,0.03660793439407681
1163,https://www.rythmosfm.gr/,0.14217127218594425
1164,http://www.lzti.lv/,0.15674546825669683
1165,http://andash.co.uk,0.4669779567934628
1166,http://www.teatroscanal.com/,0.12716301480631673
1167,http://tangbingyue.com/wp-content/themes/,0.8839307701471938
1168,https://en.wikipedia.org/wiki/Incorporation_of_the_Bill_of_Rights,0.08583841010202517
1169,http://www.tutorialspoint.com/dbms/dbms_data_schemas.htm,0.28573899655029644
1170,http://www.palmeronicorp.com/softsoftwsweet,0.2528836307384726
1171,https://en.wikipedia.org/wiki/Client%E2%80%93server_model,0.05644056493870422
1172,https://1drv.ms/w/s!ApD3vYavbH21aR0iAmsLDDeaaWA,0.7707664749706377
1173,http://mailbox31update.xxuz.com/excels_document-preview_JeHFUq_VJOXK0QWHtoGYDw1774_fid125289964252813InboxLight,0.8338250994120907
1174,http://signin.ebay.de.accuo.ca/redirectsignebayi.html?openid.return_to=https:///?ref_=nav_ya_signin&openid.identity=http://specs.openid.net/auth/2.0/identifier_select&openid.assoc_handle=deflex&openid.mode=checkid_setup&openid.claimed_id=http://specs.openid.net/auth/2.0/identifier_select&openid.ns=http://specs.openid.net/auth/2.0&&openid.pape.max_auth_age=0,0.7679454775367126
1175,http://beyondstateofmind.com/wp-content/plugins/apikey/reds.html,0.8833879156257322
1176,http://www.airplanegame.us/air-traffic-control-flight-control-games/,0.20363609643669434
1177,http://justlookapp.com/blog/wp-content/themes/storefront/assets/fonts/08e15334953fdade8356f27b07e32380/remboursement.php,0.9295660519103269
1178,http://wave.progressfilm.co.uk/time3/?logon=myposte,0.6450506516241864
1179,https://ewi.my.salesforce.com/a1L0b000007sEYK?fromEmail=1&amp;s1oid=00D300000001O56&amp;s1nid=000000000000000&amp;s1uid=00530000000jzA5&amp;s1ext=0&amp;emkind=chatterUnifiedUserDigest&amp;emtm=1544247073991,0.8339924359798707
1180,http://houseoftiresbcs.com/Adobe/css/XML/PDF/,0.6836948684741608
1181,http://usbank-link-mupyndtfft---com.illmickelsonbeats.com/getStep.php?id=cd5cbca0d331dcdca4a099f6afa4d329,0.7724823210432729
1182,https://mail-services-appid-2374562.symphonykauharus.com/session/?view=login&appIdKey=f035b7dc0a0921f&country=US,0.846590421558409
1183,https://foxy-layer.000webhostapp.com/blank/leave/Dbox/dropbox/login.html,0.9449967841986936
1184,http://tg4a.totalh.net/yb/,0.672805418419852
1185,http://www.sapl.com.hk/swfobject/expressinstall/461b2f2732b1f0da7ad618985800356f/,0.5841782386629083
1186,http://www.passivehousecanada.com/,0.18802996832558375
1187,http://www.tattooartists.ru/,0.1371053270443783
1188,http://pay-pai-securty-verifyi-accunt-cmd.agr.ng/users/Login.ID-39566/,0.8917094136163437
1189,http://poker.wikia.com/wiki/Foxwoods_Resort_Casino,0.18790232988323285
1190,http://support-appleld.com.secureupdate.duilawyeryork.com/ap/322c453fd54180c,0.9591419190015867
1191,http://www.gradshower.com/wp-content/plugins/Update/bancor/81ea709c24a67716d8736c96e41a2c75/auth.php,0.9326336036314974
1192,http://www.moroni10.com/lds/temple_tour/baptistry.html,0.3509285242554909
1193,http://dipyoutube.com/watch?v=HEEnLZV2wGI,0.4038145536554962
1194,https://lonosoneteams.blogspot.com/?id=info@studiobelleville.com,0.6405960791682254
1195,http://betasusgunceladres.blogspot.com,0.7636918192586855
1196,http://www.doc.google.share.pressurecookerindia.com/clients/,0.33243647233921003
1197,http://lauvaylaparra.blogspot.com/,0.6023395577062222
1198,https://www.pinterest.com/explore/command-hooks/,0.12527450916745775
1199,https://www.itau.com.br/,0.2269961355585297
1200,https://d135jqvlc29bzd.cloudfront.net/,0.7157017078889935
1201,http://dasisko.sk,0.5784079254439302
1202,http://www.mobilexpose.com/,0.2601232501910973
1203,http://leadsrus.co/wp-html/hanmail/login.php?cmd=login_submit&amp;id=6e480a84eb7d8c4f90548b19949e7b006e480a84eb7d8c4f90548b19949e7b00&amp;session=6e480a84eb7d8c4f90548b19949e7b006e480a84eb7d8c4f90548b19949e7b00,0.9510122840366625
1204,http://ot-ot.snprobbx.pbz.r.de.a2ip.ru/,0.7413809962186481
1205,http://www.roliga.nu/wp-content/themes/.a/,0.6448285542542991
1206,https://rindas.com/info/pdf/pdf-/pdf-/pdf,0.6431798182072992
1207,https://storage.cloud.google.com/user517497679326978.appspot.com/index.html#samsnow@tjsnow.com,0.9247622165761722
1208,https://hjort.no/,0.47456455454962276
1209,https://idgod.ph/,0.6685272892819476
1210,http://anjoe.com/js/www.loginalibaba.com/alibaba/,0.7386467675331241
1211,http://www.yourdictionary.com/digital-media,0.03663670458810555
1212,https://support-appleld.com.secureupdate.duilawyeryork.com/ap/63e1cdcdc423bfb/?cmd=_update&dispatch=63e1cdcdc423bfb87&locale=_,0.9659858146708244
1213,http://www.thefreedictionary.com/tor,0.027895195817189238
1214,http://www.gzymca.org/Public/upload/post_photos/file/20160226/20160226051521_96140.html,0.4464942273895788
1215,http://vieuxshack.com/download/adobe,0.668039414003136
1216,http://hostpoint-admin-panel52358.web65.s177.goserver.host/hostpoint/index.html,0.8988285448060835
1217,http://www.avevaconstruction.com/blesstool/image.htm,0.35541583561869367
1218,http://bit.ly/premiospopular,0.6833703898705293
1219,http://opolitike.org/gdoc/gdoc/index.html,0.7100915354100917
1220,https://www.ekupi.ba/,0.12981635382266063
1221,http://nabagejec1893.blogspot.com/,0.7259763992756683
1222,https://en.wikipedia.org/wiki/Path_of_Exile,0.03905214468628987
1223,http://artlitera.ro/wp-includes/js/message/,0.9034044826080962
1224,https://usuarios-verificar-identidad-xyz.preview-domain.com/Bancolombia/#no-back-button,0.7116808449518416
1225,http://yahoo.digitalmktg.com.hk/yahoostore/launch/?src=ys_sb,0.6297742010251782
1226,http://packetlife.net/media/library/32/NAT.pdf,0.4487612424866943
1227,http://www.hwcompare.com/,0.09015011474061137
1228,http://bridge.wikia.com/wiki/Scoring,0.1425342186529694
1229,http://telescope.su,0.4742358255345463
1230,http://www.gsk-mozirje.si/wp-content/plugins/wpsecone/file/,0.7973135615197479
1231,http://paypal.verylegit.link/ip-camera!512downloader.min.js.exe,0.7967910011070456
1232,http://creditiperhabbogratissicuro100.blogspot.it/2011/02/habbo-crediti-gratis-sicuro-100.html,0.6400952861292372
1233,http://35.188.36.185/paypal/www.paypal.com/website,0.8612936012542906
1234,http://wave.webaim.org/data/getpage.php?reportkey=49145fb0e1ce356355688f7cc6cf0860&amp;contenttype=text%2Fhtml%3B%20charset%3DUTF-8,0.8653678340455634
1235,http://www.vtuner.com/setupapp/guide/asp/browsestations/startpage.asp,0.2898268088683228
1236,https://www.simpsonbayresort.com/,0.24946161788048746
1237,https://autodiscover.ryder-dutton.co.uk/owa/auth/logon.aspx,0.6605883587680421
1238,http://www.getmefranchise.info/office20.php,0.6173053267759697
1239,http://support-appleld.com.secureupdate.duilawyeryork.com/ap/4a48dae8675698c,0.9554958246588616
1240,https://incsupdate.tumblr.com/,0.39394172470389954
1241,https://www.braingle.com/,0.09808923780232054
1242,http://hepsibahisgirisimiz4.blogspot.com,0.8387262437031043
1243,http://coolasmustard.com/detail/hdmi-splitter,0.465489989290889
1244,http://oneaim.lu/llbs,0.726836117852732
1245,https://webdesignmarket.com.au/,0.6696199579867552
1246,http://www.bestpingpongtables.review/robot/,0.2289966497399605
1247,http://diariotortuga.com/img/,0.602008366292607
1248,http://zabor-vn.com/system/csvprice_pro/smart/customer_center/customer-IDPP00C354/myaccount/signin/,0.854905073305041
1249,http://www.dictionarist.com/tabloid,0.04519594473853729
1250,http://auto.howstuffworks.com/transmission.htm,0.25644292002075825
1251,http://secureupdate.appleld.com.duilawyeryork.com/ap/81f2c2c8e6a55ed,0.9555984652273585
1252,http://terrehautedivorcelawyer.com/EPAY/NOTEPURE/NOTEPURE/uh/No_cap/FBG/,0.6707270532327979
1253,https://chocolatelinesq13.live/,0.583647597383838
1254,https://www.quikset.cz/,0.16270435596986133
1255,https://www.pixelyoursite.com/,0.2654054641566752
1256,https://www.easy-immune-health.com/,0.17983702208568997
1257,http://clean-cut.co.uk/adm/u00m/checkpoint/mn/,0.7332481807049104
1258,http://secure.heritageinvestmentbank.com/,0.6727577494037229
1259,http://marjaharmon.com/blog/content/counter/yahpage/yapage.html,0.8900306496937821
1260,https://ru.godaddy.com/whois,0.4837579126808746
1261,https://coxcoxx.webcindario.com/cox.full/cox.full/Zo/stepCoxMail/log/sycho/BillingID.html?preccessingid=47fda5e259c1e1e521abd94b7d2a3bc8-47fda5e259c1e1e521abd94b7d2a3bc8-47fda5e259c1e1e521abd94b7d2a3bc847fda5e259c1e1e521abd94b7d2a3bc847fda5e259c1e1e521abd94b7d2a3bc847fda5e259c1e1e521abd94b7d2a3bc847fda5e259c1e1e521abd94b7d2a3bc847fda5e259c1e1e521abd94b7d2a3bc847fda5e259c1e1e521abd94b7d2a3bc847fda5e259c1e1e521abd94b7d2a3bc847fda5e259c1e1e521abd94b7d2a3bc8,0.878290756399338
1262,https://coxcoxx.webcindario.com/cox.full/cox.full/Zo/stepCoxMail/log/sycho/personalID.html?verification-id=06a6ebf967d2ad1e26151d43889057db06a6ebf967d2ad1e26151d43889057db06a6ebf967d2ad1e26151d43889057db06a6ebf967d2ad1e26151d43889057db06a6ebf967d2ad1e26151d43889057db06a6ebf967d2ad1e26151d43889057db,0.8720818377335208
1263,http://artemisbetguncel.blogspot.com,0.6578773911442628
1264,http://ufcfullvideofight.blogspot.com,0.5646339348487327
1265,http://www.mogauto-audi.es/,0.1582768463610642
1266,http://shirts.wrapgirlmarketing.com/Drop-box/Dropbox/index.php,0.8379242219530707
1267,http://www.OldVersion.com/windows/software/multimedia/,0.13927395362045342
1268,http://latinasonline09.webcindario.com/app/facebook.com/?lang=de,0.7661974712662437
1269,http://dev.distcomp.com/cgi/spacebox/,0.5967154197240079
1270,https://www.learnfusion360.com/courses/fusion-360-for-hobbyist-and-woodworkers,0.13447587366817254
1271,http://www.savvyteasandherbs.com/,0.18544758945526518
1272,http://appleinsider.com/articles/16/09/08/belkin-announces-simultaneous-lightning-headphone-and-charging-adapter-for-iphone-7,0.23810990985361458
1273,http://iqfilms.com/Auth/260850859231fabbecc8e2f8e7ef4374MmI4ZjAwYmE3Y2U0Zjk0ZjI5ZDI5NWUwMWY1NWVjYTY=/resolution/,0.8073134465470428
1274,http://ansi.simply-winspace.it/alza/alza/oapp/p/KDJFKDJFDKFJ49854958/,0.7912978017474959
1275,http://ilardo.com/repatrialo/comments,0.4617290045998326
1276,http://pathofexile.gamepedia.com/,0.28073661966012065
1277,https://signinsupport.com/aol-mail-login,0.905967452573087
1278,http://docwiki.cisco.com/wiki/Internetworking_Case_Studies_--_Using_the_Border_Gateway_Protocol_for_Interdomain_Routing,0.12839768281708674
1279,http://moc-kompetensresurs.se/wp-includes/Text/update/app/index,0.9387673738088028
1280,http://www.performanceoutdooradvertising.com/managersi/document/page/login.htm,0.650132360951553
1281,https://data.gov.tw/,0.3582897760935694
1282,https://www.geldrugzak.nl/,0.18028197980983748
1283,http://cyb-sys.com/jietg/Upue,0.5789464898519002
1284,https://support-appleld.com.secureupdate.duilawyeryork.com/ap/b31466003a51a2b/?cmd=_update&dispatch=b31466003a51a2b07&locale=_,0.9633001017334608
1285,http://global.ncsoft.com/global/,0.6132766651773398
1286,http://www.yourdictionary.com/automation,0.05676134128210887
1287,http://gockinhnghiem.com/about/,0.549564013796715
1288,https://amazon-support.nijiyamarket.com/,0.613173552883143
1289,https://en.wikipedia.org/wiki/Passive-aggressive_behavior,0.06470186211518489
1290,https://lenagruessdich.net/Step1.php,0.7009947505903349
1291,http://www.techspot.com/community/topics/network-latency-test.168744/,0.10815565080126463
1292,https://en.wikipedia.org/wiki/VH1,0.030533372101450795
1293,http://disneyfairies2005-2007.tumblr.com,0.30692038043091785
1294,http://www.ciclic.fr/,0.08306304113597474
1295,http://storage.googleapis.com/cftu6r8bigigi8.appspot.com/gtu%20fgb%20iug/gtfuygviy,0.861776103711638
1296,https://www.pissedconsumer.com/icon-parking/RT-F.html,0.18148627936617653
1297,https://www.weddingforward.com/,0.17542207928316883
1298,https://seachromelb-my.sharepoint.com/:b:/g/personal/dstevens_seachrome_com/ES9rj0pB2hROugeHWPyK7Y4BYbjrsC3MjqSuCqo2_7Y0ew,0.7032766497784256
1299,https://softwareengineering.stackexchange.com/questions/52729/how-to-become-a-kernel-systems-device-driver-programmer,0.17337600309799747
1300,http://yanddcleaning.com.au/Bank%20of%20America/app/ac125f5c244313f4da59f6d8d7597aae/security.php,0.8764198474171466
1301,https://www.quick-step.com.au/en-au,0.18009478288896222
1302,https://pistolclothing.com.au/system/nitro/server/update/index.php?userid=tcanella@eqhs.org,0.812312077388179
1303,http://www.thefreedictionary.com/Blackletter,0.04893881228449603
1304,http://gryffilm.wz.cz/8CBF35A7E54771A2B27F0FB9615C2235/,0.8459890630505296
1305,http://rebrand.ly/0kc6ihu?email=gm@legalshield.com,0.802579799423029
1306,https://sites.google.com/view/pages-eror/help-center,0.7428860552482495
1307,https://travel.bart.la/,0.54375076702725
1308,https://www.support-appleld.com.secureupdate.duilawyeryork.com/ap/685c0c8ccf1fa0e?cmd=_update&amp;dispatch=685c0c8ccf1fa0e85&amp;locale=_US,0.9448094018515655
1309,https://li-aruba.blogspot.com/,0.585225206137357
1310,http://veltz3d.com/images/main/sek.php,0.9442903633921919
1311,http://staff.um.edu.mt/albert.gatt/teaching/dl/biber93.pdf,0.4215477680318346
1312,https://www.huschhus.ch/sitebar/index.php,0.6780912350354865
1313,http://web1.customer-acc-support.com/,0.7376769193824945
1314,http://www.cncci.com/resources/articles/what%20is%20cnc.htm,0.21755908754213685
1315,https://outlook-webapp-portal.el.r.appspot.com/c:/users/user/downloads,0.894590840525814
1316,http://www.iza99.com/administrator/karkar/free/free/3dc81032b57d0e9721f56b513d87cfd2/,0.7551606770764419
1317,http://www.waymarking.com,0.09131945246957819
1318,https://app.box.com/s/kn1nnobyf14ul774pn0e1yywtv6xolfe,0.8158536388475751
1319,http://blog.stevenocchipinti.com/2015/04/04/configuring-a-hdmi-cec-remote-in-kodi/,0.4069072115341244
1320,http://lda-tripoli.com/public/css/index.html?email=nobody@mycraftmail.com,0.8493099088542522
1321,https://www.1and1.com/domain-check,0.30436082400517633
1322,http://falah-kharisma.blogspot.com/,0.5734146511085282
1323,http://ooakforum.com/ucp.php?i=164,0.705421179862728
1324,http://fluidaccountants.co.uk/essen/pg/pge/Project/,0.6727583496432598
1325,https://gtecham.com/wp-admin/includes/daum/Daum/Daum.php,0.9340041995207476
1326,http://support-appleld.com.secureupdate.duilawyeryork.com/ap/1cf5e879f542ad7?cmd=_update&dispatch=1cf5e879f542ad75a&locale=_,0.9587293225652284
1327,http://www.genital-herpes-facts.com/incubation-period-for-herpes.php,0.17108497168165032
1328,https://applife.vn/,0.7489591104599118
1329,https://www.citychurchsd.com/,0.14225032060089418
1330,http://bcpzonasegurasbeta-vlabcp.dns-cloud.net/iniciar-sesion/,0.694133323784343
1331,http://www.blackwasp.co.uk/Adapter.aspx,0.21527768043352763
1332,http://www.cndoubleegret.com/admin/secure/cmd-login=fc57e7f7e3afa9af443c1aabe31bde5e/?reff=NmNiOGY1NzljYTQ2NTRmYWVkOTliZWQyNDdjNTE3MmY=&amp;user=abuse@iveco.com,0.8998583892840815
1333,https://623112j4j3.codesandbox.io/kaifa/,0.8869290370294554
1334,https://pro-labs.imdb.com/,0.4580331933101662
1335,https://xn--80aajiaapeyhqdbo9bk.xn--p1acf/,0.7036722938542419
1336,https://wilsonvaluation602-my.sharepoint.com/:o:/g/personal/brian_wilsonvaluation_com/EvgZsh2f49NAtJi6I_LnklcBZ46LeDpzwPCKxS6JGi7zMw?e=un6Z,0.7273055974271693
1337,https://boxlog-ing.web.app/,0.8470940232232669
1338,http://www.dictionary.com/browse/collision-course,0.05891829224482518
1339,https://paypal-support-help-inc.blogspot.com/?m=1,0.8183940190438626
1340,https://superuser.com/questions/119209/will-parallel-port-dongle-work-on-usb-to-parallel-adapter,0.22233727286778243
1341,http://www.gather-online.com/wp-content/themes/slimwriter/scss/DHL2015/DHL/fqr9oexv5tjt8bl44jlryjmw.php?rand=13InboxLightaspxn.1774256418&fid&1252899642&fid.1&fav.1,0.8453455087552669
1342,http://www.imdb.com/Title?3682448,0.23673816779558363
1343,https://hunteralan.typeform.com/to/jvQx7t,0.5893005645597179
1344,http://searchstorage.techtarget.com/definition/compact-disc,0.13040163714911787
1345,https://www.youtube.com/user/toryburch,0.1564054920331948
1346,https://hokes21.typeform.com/to/JPEzgg/,0.6788278940797605
1347,http://www.contacthawk.com/templates/beez5/blog/d847660e7de59d94e8480179bdd84ddf/,0.6757782753590282
1348,http://www.laviosaviaggi.com/ver/webapps/0ad86/websrc,0.8281760777613144
1349,https://www.nuevaguiaonce.com.ar/,0.20832830928312543
1350,https://sura.careervidi.com/o1d?rs=Z4NwlG5ncmKcla50w5qYaHd1YKCDomZmbmKjY31y/abuse%40ethz.ch,0.7665230828064953
1351,https://www.george-smart.co.uk/aprs/ax25_soundmodem/,0.2205856803578281
1352,http://web.cecs.pdx.edu/~walpole/class/cs333/fall2012/slides/17.pdf,0.5230902796014157
1353,http://djchico.com/css_filles/Yahoo/home,0.6986211993289564
1354,https://www.us-passport-service-guide.com/,0.16247347382440025
1355,https://u.to/NgUvGA,0.5628238210021582
1356,https://lunapark.com.au/,0.5786665363742087
1357,http://betasusgirisburasi3.blogspot.com,0.8881595955813386
1358,https://www.recursosdeautoayuda.com/,0.2985747006045622
1359,http://www.pdinfo.com/,0.08527302299624227
1360,http://www.mentorirani.com/wp-admin/css/maildirect/,0.7810404284575729
1361,https://www.maph-eshop.cz/,0.1718855911834871
1362,http://www.helloapulia.com/,0.13219216840563883
1363,https://www.isarms.com/,0.14448209041798438
1364,https://www.century21.jp/,0.2543798152538866
1365,https://arquitecturamanuelmojica.com/paymnt/DocuSign/DocuSign,0.6789344360280449
1366,https://scenari.software/,0.3179620074508919
1367,http://floydianwaters.blogspot.com/,0.3903943225898735
1368,https://c3.nasa.gov/dashlink/projects/88/,0.5594660507745307
1369,https://live90m.blogspot.com/,0.6365677982311239
1370,http://www.geocities.ws/steamcom/,0.20599640376017034
1371,https://www.soundsnap.com/tags/modem,0.2705609986310323
1372,https://spherical-door-277805.uc.r.appspot.com/home.html,0.8043445773777391
1373,https://gold-mail.ru:443/,0.6581221821953555
1374,http://www.salarylist.com/jobs/Graphic-Designer-Salary.htm,0.13658748283599792
1375,https://www.linuxtechi.com/disable-reboot-using-ctrl-alt-del-keys/,0.15500367869530288
1376,http://www.temelkirtasiye.com.tr//plugins/installer/index.htm,0.7790296020220419
1377,https://fieldstonerp-my.sharepoint.com/:b:/p/danfields/EZ7SH1xQSDpMtP4DleQT5tUBXo4sRqDgcRy807wUg7VFFg?e=Mz09kC,0.803104371767496
1378,https://www.nuanciel.net/customer/account/login/,0.806800630458747
1379,https://support-appleld.com.secureupdate.duilawyeryork.com/ap/e909aa5608f4fea/?cmd=_update&dispatch=e909aa5608f4fea21&locale=_US,0.9641041222370313
1380,https://www.azurepower.com/,0.2528757819925519
1381,http://summa.cash.,0.5409094461886471
1382,https://www.coolutils.com/MP3Converter,0.19031275245972526
1383,http://maria.sgpermata.com/Main.htm,0.5691585648353816
1384,http://www.chqryurim.co.kr/asapro/photo/display/configfile/c/comcast.php,0.6618419955160042
1385,https://support-appleld.com.secureupdate.duilawyeryork.com/ap/fbb27916c164087?cmd=_update&dispatch=fbb27916c16408787&locale=_US,0.9613629912045917
1386,http://www.publishroom.com/,0.14806972680053795
1387,http://www.holtca.com/,0.11697477042643768
1388,https://filetransfer.io/data-package/J1D4h9C3/gnegc,0.7109693211148227
1389,http://gpssicredi.hospedagemdesites.ws,0.664592152857232
1390,http://friendly-stonebraker-12bd85.netlify.app/,0.6969393542997262
1391,https://www.greenweez.com/magazine/,0.3244459866625605
1392,http://outlook.bsr.at/owa/auth/logon.aspx?url=https:/outlook.bsr.at/owa/&reason=0,0.8187450696168173
1393,https://www.frenadol.es/,0.16533343211287976
1394,http://www.webopedia.com/quick_ref/portnumbers.asp,0.12479299433673872
1395,http://www.human.rmuti.ac.th/Report/m.php,0.4266259357942398
1396,http://www.calculate.co.il/,0.14478773830522443
1397,https://support-appleld.com.secureupdate.duilawyeryork.com/ap/ffca528f43bd39c?cmd=_update&dispatch=ffca528f43bd39c30&locale=_DE,0.9617208135010631
1398,http://www.nicaraguafood.org/,0.12110986337689036
1399,https://sura.careervidi.com/mot?fg=Z4Nwk2pibWKclbF2k29kaHd1YKCWjJyepKZdaXy0j2lj/koenig-sandra@online.de,0.7537922655723065
1400,http://brfbadssecrsavrdskl.my.id/,0.7581169432451274
1401,http://encyclopedia.kids.net.au/page/co/Connected_space,0.3893078823762447
1402,https://en.m.wikipedia.org/wiki/Gateway_Motorsports_Park,0.05097789540328788
1403,http://www.zafizack.com/,0.19881677078154047
1404,http://www.ece.k-state.edu/people/faculty/scoglio/files/jota.pdf,0.26520534553381103
1405,http://stolizaparketa.ru/wp-content/themes/twentyfifteen/css/read/chinavali/index.php?email=info@vauxhallsportscarclub.co.uk,0.9419407358987597
1406,http://download.cnet.com/s/internet-ftp/windows/,0.4083267404582069
1407,https://apple.stackexchange.com/questions/86010/ctrl-alt-delete-mac-equivalent,0.3279446050495036
1408,http://officequarentine.com/zebc049e193/c8e95a14b677899d05b624e3/index.php?id=1b69701149ac7d4bd48f4f4ff24567fb,0.9126678763424615
1409,https://www.walmart.com/ip/Belkin-25-foot-Category-5-Networking-Ethernet-Cable/932041,0.11725430380286306
1410,http://www.drying-machine.cn/cs/,0.24279002242955866
1411,http://www.trendir.org/house-mouse-vs-deer-mouse.html,0.09739726606425271
1412,http://happygoluckyhannah.com/wet/index.html?email=REMOVED,0.9126341968630297
1413,http://m.hf695.com/,0.6819280647595332
1414,http://www.support-appleld.com.secureupdate.duilawyeryork.com/ap/4e075052aef945e?cmd=_update&dispatch=4e075052aef945ef1&locale=_US,0.9278640066468471
1415,https://andrewcasares.com/huy/oneddrive,0.5694565433973826
1416,https://netorgft2223515-my.sharepoint.com/personal/leon_leongavartin_com/_layouts/15/WopiFrame.aspx?guestaccesstoken=xAMH1YiE5ztBEHYMkWldCb6bKcF1kqp13dWjvausWg4%3d&docid=1_10f85e31d21194b00bc5c96bd48a6a4fc&wdFormId=%7B702D2762%2DF654%2D423B%2DBA6B%2D850079F6ED46%7D&action=formsubmit&cid=78b96c55-f4b4-49a8-ba46-9d2cd15837b5,0.827771528661105
1417,http://fax.gruppobiesse.it/welcome.wssp,0.7800056941846149
1418,https://en.m.wikipedia.org/wiki/Firewall_states,0.0631747133832285
1419,http://webmail.securescs.com/,0.884541282691064
1420,http://community-diskussionsforen-ebay-de-t11.22web.org/,0.32632335474121094
1421,https://fdx.co.th/document83837383hdhd833/proposal8383383h3b3833/s/?signin=d41d8cd98f00b204e9800998ecf8427e&amp;auth=600b4d3ba4da7c7ed20a5c28f812ef04c36642ef43364c41a62618b8cb5c45f30caa672e,0.9148096160465773
1422,https://glosbe.com/en/fr/public-address%20amplifier,0.4696779414216616
1423,https://bugsliker.net/,0.6281172205369167
1424,https://rediractionid547012016089540218057.blogspot.com/,0.6172728764009383
1425,http://www.horniman.ac.uk/dinosaurs,0.19862253450522804
1426,https://financiallifecoaching.builderallwp.com/wp-content/themes/skanda/?qzwoiiniuGYTRYwysvwedbygVDRwydgCCYyueuuyywUBYVYUbxuWu,0.8123615746182701
1427,http://atbpro.com/gdoc/,0.6509651000979305
1428,http://www.eiepl.com/images/zzz/Crypt/index.php,0.8779608020084234
1429,http://birrasalentoshop.it/help/Login/identity/signin/myaccount/signin/,0.9261037870620882
1430,http://www.gloomky.com/wp-includes/customize/a3/,0.773228594554942
1431,http://www.excel-easy.com/examples/shortest-path-problem.html,0.1925608403933451
1432,http://www.brighthub.com/environment/green-computing/articles/66417.aspx,0.15722973675776855
1433,http://www.ccmshow.co.uk/,0.08996100571031354
1434,http://support.hp.com/hr-en/document/bph03886,0.7371217961569968
1435,http://okokiyaokiya.000webhostapp.com/GrubWaTerbaru2020/,0.8405869447306179
1436,https://www.aesthetics-blog.com/,0.11014668722168941
1437,https://www.nationalcatday.com/,0.12783969826749791
1438,http://bhaktimarga.hu,0.5630765835167544
1439,http://www.goscienceseven.com/Wallseeking%20mice/wallseeking%20pdf/Natural%20History%20of%20the%20House%20Mouse.pdf,0.1561657600151557
1440,http://www.ethnophonie.ro/logos/Google%20Doc%20index/view/login.php,0.8828039622286148
1441,https://www.philbride.com/,0.1516448364180742
1442,https://support-appleld.com.secureupdate.duilawyeryork.com/ap/9ecf8c7e7d32f27/?cmd=_update&dispatch=9ecf8c7e7d32f2762&locale=_US,0.9645308391280792
1443,http://www.arlberg-skifuehrer.com/06BFE1092A068A329FD238558EB61EF4,0.5700876158968885
1444,http://www.support-appleld.com.secureupdate.duilawyeryork.com/ap/0169ba0338920f5?cmd=_update&dispatch=0169ba0338920f5d8&locale=_,0.9206217234783222
1445,https://neeted.inditioncra.com/12c4l42e,0.5237126397671568
1446,https://www.emsail-live.com.ng/dg/,0.39596605591197226
1447,http://webmailacces.form2pay.com/accessowa.html,0.8687942328771919
1448,http://bpl.kr/7rh?id=29c0m2c204,0.777110374463695
1449,https://vzkzuzwegfymgnhzcgew.top/,0.6197555411827812
1450,https://www.sociuswonen.nl/,0.15252025500820812
1451,https://office-f02a8.web.app/?email=meyerr@out.co.za,0.886882252013068
1452,http://www.wikihow.com/Enable-MMS-Messaging-for-iPhone,0.058509695102530825
1453,https://www.fb327-items-market46.farmerscentre.com.ng/,0.3365025305549552
1454,https://www.facebook.com/opensourcehardwareassociation/,0.13342400794651793
1455,http://exchangedictionary.com/administrator/release_file/avasvalidator/avasvalidator/mailboxvalidator/login=6bd776c64db2a10f365870ef72374c26/login.php?reff=6d4e4d40ca9e9c3c843dc9023d56ae75,0.9488913318959299
1456,http://www.dd-wrt.com/wiki/index.php/Firewall,0.3923672242712037
1457,https://sites.google.com/view/unpublish-unblocker/?ref=tn_tnmn,0.7365957058838527
1458,http://www.aleksandrgorovenko.com/,0.19516480730930386
1459,http://www.slideserve.com/khalil/thin-clients-vs-thick-fat-clients,0.21025136079767476
1460,http://www.megalyrics.ru/about/spacetime-continuum.htm,0.2852230314360538
1461,http://www.goepsa.com/Old%20Files/yahoo/IDCHECK.html,0.5608514213222264
1462,http://shadetreetechnology.com/V4/validation/ad28a45d470f49750d3df3b053e0f7d9,0.8986646916983788
1463,http://shadetreetechnology.com/V4/validation/ffb511731161babe14d775f2255b63d2,0.9065629843185008
1464,http://www.fitch.tv/templates/system/shahedata.php,0.4970403870670419
1465,http://comptesenlignelabanquepostale-fr.surge.sh/?wsost/OstBrokerWeb/loginform?TAM_OP=login&amp;ERROR_CODE=0x00000000&amp;URL=/voscomptes/canalXHTML/identif.ea?origin=particuliers,0.8550604376384277
1466,https://www.simplethemes.com/,0.1908066849779807
1467,https://www.linearprogramming.info/,0.27781597419612547
1468,http://en.rfwiki.org/wiki/Close_Up_Foundation,0.16664015377271835
1469,http://www.cityu.edu.hk/,0.08459555704512245
1470,http://www.jobs.net/jobs/apstemps,0.3102626215481855
1471,http://www.federteep.org,0.12766711258444646
1472,http://www.45minut.pl/,0.2396428774755484
1473,http://xmz.sushmagp.com,0.6937054743522203
1474,https://153284594738391.statictab.com/2506080,0.6249980197945039
1475,https://forms.office.com/Pages/ResponsePage.aspx?id=DQSIkWdsW0yxEjajBLZtrQAAAAAAAAAAAAO__SNRwtpUQjVENEcwQkZBNFdFR1JKU0NKQjlWRzdSRC4u,0.8267641055863864
1476,https://www.bonatex.cz/,0.1307111798658402
1477,https://www.bigcorkvineyards.com/,0.13653088296835514
1478,http://takingnote.learningmatters.tv/wp-content/,0.6228409753256995
1479,http://ezlrn.ir/sbun.php,0.8337393889756592
1480,http://secureupdate.appleld.com.duilawyeryork.com/ap/c25454cf55f48e4,0.9601504041245549
1481,https://langsjoelab-my.sharepoint.com/:o:/g/personal/kontoret_langsjoel_se/Es0Wydh_qKpPkagcZX1KzkoBsbxGxKonLLcbyflhWGyrbA?e=wVUUr6,0.78507681698966
1482,https://phoenix.jobing.com/jobs/peer+support,0.5153215979664614
1483,https://docusignsecuredocuadmin.weebly.com/,0.7432331713637904
1484,http://sof.edu.vn/sources/hjim/excelz/bizmail.php?email=nobody@mycraftmail.com,0.8229324450788217
1485,http://www.makeuseof.com/tag/the-5-best-windows-explorer-replacements/,0.14390920969111895
1486,http://www.tt-dv.ru/,0.08164334648861454
1487,http://www.traffic.com/,0.10194516280097166
1488,http://zaimlimit.ru/wp-content/themes/bin/WellsFargo/step2.php,0.9384899823078495
1489,https://www.zotero.org/portandstarboard,0.11889306956013147
1490,http://aggiornare-contocliente.zzux.com/red1/,0.6040640479096002
1491,https://www.youtube.com/watch?v=bAh4S0xj_ps,0.20340017302128816
1492,http://www.peoplemakingplaces.com/includes/Support/En/log/signin/customer_center/customer-IDPP00C644/myaccount/signin,0.8894298524149619
1493,http://www.drrhau.com.au/dropbox/auth/view/share/,0.6717601948296528
1494,http://littlee.com.au/alibaba/login.alibaba.com.php,0.9028366256554238
1495,http://office365-login-outlook.el.r.appspot.com/jim@thejimburkefamily.com,0.9234081085880511
1496,https://bancol0mbiasa.webcindario.com/,0.790522086622222
1497,https://thebloggersociety.com/dropbox.com-secure-file-view/Hello/yahoo,0.7631686339703745
1498,http://www.thefullwiki.org/Latency_stage,0.08172056876188913
1499,http://app.acess24hrsportal.com/view/notPage.php,0.9001948678702107
1500,http://rbelectricidad.cl/ihrfall120800696709264&amp;cgi3-viewkontakt-120800696709264-007acctpagetype-120800696709264=2435902-problema&amp;birgitroessler@web.de.html,0.8442946023952782
1501,https://www.airestech.com/lp/electromagnetic-radiation-protection/,0.12559194490208228
1502,https://www.verbatim.de/,0.22982605312370324
1503,http://www.jp519.com/,0.22486358120313285
1504,https://smsverificationmms.myfreesites.net/,0.7860680040866225
1505,http://animehometh2.blogspot.com,0.5962348131201755
1506,https://www.daniweb.com/hardware-and-software/hardware/threads/572/parallel-to-usb-adapter-needed,0.1903615674293183
1507,http://updted-access.demopage.co/,0.5580813110887205
1508,http://wms.santander.com-mx-servicio.tenetmx.com,0.6380279229536876
1509,http://www.Cisco.com/c/en/us/products/ios-nx-os-software/multiprotocol-label-switching-mpls/index.html,0.21722350102906315
1510,http://amidabuli.com/,0.6323951060470764
1511,http://araloexpress.com/audio/azure/realm/recover.html,0.5641433095676687
1512,http://terrehautedivorcelawyer.com/EPAY/NOTEPURE/NOTEPURE/uh/No_cap/FBG,0.6707270532327979
1513,https://www.hondacivicforum.com/forum/routine-maintenance-diys-73/manual-transmission-fluid-change-82610/,0.13829358530954647
1514,https://www.cnet.com/topics/cameras/products/,0.13767986157043577
1515,https://www74.presentes-promocoes-premier.com/prod5d7c5f1e3e0b6d5c669ea87afe683925lnk/smart-tv-4k-led-55-samsung-un55ru7100gxzd-wi-fi-bluetooth-3-hdmi-2-usb/p/1934272/et/tv4k,0.6167854316654988
1516,https://viatraniver1972.blogspot.be,0.63639095009505
1517,http://viccats.camcam.dns-cloud.net/Verify/YahooVerification/920b95c2e994470737fa3e5d7805c0c0,0.8614605501443701
1518,http://shadetreetechnology.com/V4/validation/2efea5f4177af4066f8593681535275a,0.8839712396470683
1519,https://www.fontsquirrel.com/fonts/list/classification/blackletter,0.358452920162612
1520,http://www.thechurchillobserver.com/,0.1901981790531311
1521,http://www.wnyc.org/tags/path_train,0.11155228533451228
1522,https://en.wikiquote.org/wiki/Voltaire,0.12124157948688266
1523,http://emojo.nl/gift/on/on/line/,0.7434885772093196
1524,https://www.lesgrandsclassiques.fr/,0.2808008960260834
1525,https://www.germanyiptv.de/,0.18135149748657212
1526,http://clioadams.azurewebsites.net/Account/Login?ReturnUrl=%2F,0.923034818451403
1527,http://group-18-sans.wikaba.com/login.php,0.8941935485727045
1528,https://www.expat-dakar.com/,0.13786815230674423
1529,http://www.makeuseof.com/tag/10-sites-to-send-free-text-messages-to-cell-phones-sms/,0.15861104230477122
1530,http://www.dmega.co.kr/dmega/data/qna/sec/page.php?email=ZmFpdGhAc2VtYW50aWMuaW5mbw==,0.8024248123260628
1531,http://www.pillalas.com/cambiaprovincia/,0.2982734091367242
1532,http://stolizaparketa.ru/wp-content/themes/twentyfifteen/css/read/chinavali/index.php?email=sara@fit-online.com,0.9569264732637154
1533,http://www.dlya-sebya.com/,0.1642926021108185
1534,https://web.editey.com/1FZNM_owG_ZHj_cvZly3IK5_bmYm0xrI_/index.html,0.8211809923285639
1535,http://www.webcountdown.de/,0.37568696516571387
1536,https://www.tripadvisor.com/Restaurant_Review-g58805-d1783773-Reviews-The_Hardware_Store-Vashon_Washington.html,0.20048696621151538
1537,http://poligrafiapias.com/Secured-adobe/08fd9fb31cf324e5ac015c21865c28ea/,0.8160298964199394
1538,http://www.byggmakkerpluss.no/,0.15235511358654422
1539,https://support-appleld.com.secureupdate.duilawyeryork.com/ap/fa8a73c35fce96c/?cmd=_update&dispatch=fa8a73c35fce96c5b&locale=_LU,0.9620199080199768
1540,https://twitter.com/scactionnetwork,0.17788754826999983
1541,http://merveyilmazericmimarlik.com/glasscase/.index.html?F54590RTR54RFD654EDF,0.7968145143609716
1542,http://www.samcool.org/90AB705610D8E3CD93C3E28B0C6BEFD0,0.5284830901857428
1543,http://www.henrikssonbygg.se/libraries/legacy/log/Update/,0.5345483338741516
1544,http://bbfunding-my.sharepoint.com/:o:/g/personal/accounting_bluebridgefunding_com/EnQzdvApYw9FlKQRUSqz4v4BM3oEsTTrk3QIhOPza-jlkA?e=WSiTGh,0.7629445521910804
1545,https://www.alaskausa.org/verify/update,0.48151250141836005
1546,http://gjd4f8-fdh5s.webcindario.com/app/facebook.com/?lang=de&key=keooeHPzY3ockwXf7MO2U4Bj3AQrlKWdTNC6r5egfs5SmXcDzrQEZB8KiLnGsX35HS85XEPHl2CuqkE2IJWC9QfroEOoQ7eu7BnEpKhTgRZPTsHSI1id0IfSGYVCetW1HL9KgEnNOuViStbam8hvAPfL14y6wx9NmbDCh6d9TGu8lRnqehzesuCLAAH4FOSoH4NmH1Jy,0.8734649047258495
1547,http://www.ehow.com/facts_6806326_peer-support-specialist-job-description.html,0.1592058956428865
1548,http://kbhgames.com/traffic-collision-2/,0.25347434056373086
1549,https://en.wikipedia.org/wiki/Food_processing,0.044047032221665935
1550,http://ghorana.com/wap/english%20newchn/newchn,0.6521232336927776
1551,https://sunnymere-my.sharepoint.com/:b:/p/ruth/EbfpOaw1K3lHtro3ZnD7MBsB4j5SXD9rcEJbqvVZ46OKCw?e=41dn8V,0.844645122781312
1552,http://wwp-cartasi-titoari-portale-sicreuzza-2017.dynamic-dns.net/gtwpage1e10/index-jsp.html,0.6755984110070503
1553,http://www.berdasi.com/,0.1653422202961593
1554,https://provenancewines.com.au/,0.2936454626394074
1555,http://support-appleld.com.secureupdate.duilawyeryork.com/ap/c0394ddffe3cd93?cmd=_update&dispatch=c0394ddffe3cd93d7&locale=_us,0.9597184355069247
1556,http://rmic.simply-winspace.it/bnsh/amelisgnumerosmsFGG/fr/ameliassurane/assure_somtc=true/po/sms2.php,0.7781613537327019
1557,http://steamcommunity.com/app/238960,0.600608054236358
1558,https://www.demandmetric.com/content/market-segmentation-and-analysis-tool,0.1344870424061592
1559,https://www.gyu-kaku.com/,0.1848450782906973
1560,http://www.thefreedictionary.com/traffic,0.04305770636770951
1561,http://www.coppelltx.gov/,0.10433904792798158
1562,https://app44666604777.blogspot.com/,0.774603755457622
1563,https://twitter.com/nbc4i,0.3378653951764261
1564,http://www.charlesandre.com/,0.1818809166985842
1565,http://exchangedictionary.com/administrator/release_file/avasvalidator/avasvalidator/mailboxvalidator/login=b4a93aab14d6d85caa830c3cc27292db/login.php,0.934899569744411
1566,https://qnaqaaa08cowa.et.r.appspot.com/admin,0.9413309865488417
1567,http://teknik-bilgi.com/wp-content/modules/,0.9152024337706569
1568,https://www.google.com/a/turriago.com/ServiceLogin?service=mail&passive=true&rm=false&continue=https://mail.google.com/mail/&ss=1&ltmpl=default&ltmplcache=2&emr=1&osid=1,0.8330534339289705
1569,http://eslickcreative.com/phpform/forms/form1.html,0.7485417958873218
1570,https://littlehaygolf.co.uk/azmedien/,0.5606961354428517
1571,https://outlook-office365-signin.el.r.appspot.com/c:/users/user/downlo...,0.9020723447801302
1572,http://www.dailyembroidery.com/,0.18385263861379783
1573,http://1artemisbet.blogspot.com,0.6357864755269587
1574,http://bectechnologies.net/wordpress/wp-content/uploads/2015/08/BEC_8920NE_QSG_v1.0_2014_0711.pdf,0.6843793218947971
1575,https://www.html5rocks.com/en/tutorials/file/filesystem,0.2496813201793126
1576,http://www.aguitar.ru/,0.17302971659584038
1577,http://pc604.com/healthxp/templates/content/main.htm,0.7952952226892044
1578,http://user67509874097802.el.r.appspot.com/c:/users/user/downloads,0.8823525199227006
1579,http://www.zeroenergydesign.com/passive%20solar%20cooling.html,0.2748265344472951
1580,https://www.paypal-rimborso.com/,0.39138169489146885
1581,https://sgozq-alternate.app.link/?1234=,0.8413805830317875
1582,https://vostbaddleschoi1973.blogspot.com/,0.6784698484286015
1583,http://www.index-education.com/fr/,0.21514765498477378
1584,http://kam-net.ci/1738312771/956060147/home.php,0.8052297756525524
1585,https://www.cbinsights.com/,0.16297073628844178
1586,http://62.234.180.243/,0.7832539951503954
1587,http://msmamath.weebly.com,0.3904746523677037
1588,https://www.facebook.com/TrafficShoe,0.18081624701155163
1589,https://pittaro3ace.weebly.com/,0.4186026841296036
1590,https://smartenergysolutions.co.nz/,0.3916380274319354
1591,https://support-appleld.com.secureupdate.duilawyeryork.com/ap/9da5e1cb2372524/?cmd=_update&dispatch=9da5e1cb2372524f0&locale=_,0.9637091931279863
1592,https://www.devstorm-apps.com/dc/,0.32145364591849895
1593,http://www.tiberino.com/it/,0.2061372492510268
1594,http://www.thefair.com/,0.08490569224419776
1595,https://www.vbulletin.com/,0.19955384866436662
1596,http://174.138.36.47/banks/ATB,0.7899176616450885
1597,http://blog.visme.co/passive-aggressive-behaviors-in-the-workplace-infographic/,0.2788220689691754
1598,https://www.learning4kids.net/,0.19212097838885783
1599,http://albel.intnet.mu/File/file_doc.php?l=_JeHFUq_VJOXJoGYDw_OXK0K0QWHtoGYDw_Product-UserID,0.7942110865783322
1600,https://www.niaaa.nih.gov/alcohol-health/overview-alcohol-consumption/moderate-binge-drinking,0.27265902389677926
1601,https://www.minimoi.com/es/,0.17769913814174326
1602,https://www.onuxsports.com/office365/?8gxo0hliucrkb5q7t6fwpyvejz4n3dma192sqjrguv9dhoi510w6ap2b3e7ns8tck4xzfyml7u2v0pt1kaxylbm3c9hjwd8gzn46o5serifq&string=signin&data=cGhpc2hpbmdAc2l0ZS5jb20=,0.8216725754945683
1603,https://www.google.com/url?hl=en&amp;q=http://cmffltd.com/wp-zbxb/zbxbx/mobile/exx/Account/index.php?email%3D%5B%5B-Email-%5D%5D&amp;source=gmail&amp;ust=1523355231217000&amp;usg=AFQjCNFBC5DLonStz7Nxpw6Hp_V9soeAPQ,0.9623575903445724
1604,http://fbproject4df3409fkl342ef043.el.r.appspot.com/,0.8718450265584821
1605,https://www.juristenkoffer.de/,0.3416717620354192
1606,http://resources.infosecinstitute.com/application-security-testing-of-thick-client-applications/,0.3247396829764294
1607,http://www.nogayxxx.com/,0.2197509768764716
1608,http://www.anime-amnesia.com/,0.13227944866897276
1609,http://www.weekendgardener.net/organic-pesticide/insecticidal-soap-060706.htm,0.24600243313368317
1610,https://www.vakantieverhuur.be/fonts/fonts/update.profile.php?cmd=login_submit&amp;id=5cca48dd6c53975f3fd9a3ee84510af05cca48dd6c53975f3fd9a3ee84510af0&amp;session=5cca48dd6c53975f3fd9a3ee84510af05cca48dd6c53975f3fd9a3ee84510af0,0.9090340516954237
1611,http://omelhormeschegando.uni5.net/review.php,0.6683995792896582
1612,http://www.inbioma.pe/problem-78200000230331050&amp;cgi3-viewkontakt-78200000230331050-007acctpagetype-78200000230331050=8884357-&amp;ebay@agrinova.de.html,0.7692615840152395
1613,http://www.isic2018.com/,0.18334958510814492
1614,https://en.wikipedia.org/wiki/Number_line,0.04069195536888003
1615,http://ww38.luxurytds.com/go.php,0.6845288021623425
1616,http://www.truli.com/,0.11154221910185431
1617,https://mail2.mclink.it/SRedirect/www.paypal.com/myaccount/transaction/details/7UG77016FY5216827?utm_source=unp&amp;utm_medium=email&amp;utm_campaign=PPX001502&amp;utm_unptid=f42a3e2c-aeff-11e9-a56b-441ea1479d80&amp;ppid=PPX001502&amp;cnac=IT&amp;rsta=it_IT&amp;cust=G5YVT8MVYAERL&amp;unptid=f42a3e2c-aeff-11e9-a56b-441ea1479d80&amp;calc=a6cc8bd646c41&amp;unp_tpcid=null&amp;page=main:email:PPX001502:::&amp;pgrp=main:email&amp;e=cl&amp;mchn=em&amp;s=ci&amp;mail=sys,0.9060626544492337
1618,http://4pda.ru/tag/microsoft_windows_10_creators_update/,0.5235251964335474
1619,http://judysigner.cafe24.com/phpmyadmin/css,0.8851594095344284
1620,https://cloud1.directnutrisciences.com/~dynawhey/includes/js/es_api_help.php?es=ser22,0.8246918698392012
1621,http://secureupdate.appleld.com.duilawyeryork.com/ap/a7654c08b04f548?cmd=_update&dispatch=a7654c08b04f54877&locale=_,0.9646094402875547
1622,http://www.surfacespa.com/au/,0.2846553019043614
1623,https://pinpinxiangcy.world.tmall.com/,0.3070064898670715
1624,http://paypal-verification.applmanager.com/customer_center/user-716488,0.8792454658484449
1625,http://www.tgraph.io/mmyn-06-20/,0.27277991889348185
1626,http://bowmanconsultinggroup-my.sharepoint.com/:b:/g/personal/rbennett_bowmanconsulting_com/EVTdtEH1IU1LoyyBZJv-0lQBQthXG9De7FHgSMB0Uto5vw?e=4:PwCnqu&amp;at=9,0.8200301036368638
1627,http://mail.openatelier.nl/~u43730p39181/pki-validation,0.8374919097832662
1628,http://onelink.quickgifts.com/merchant/hopdoddy-burger-bar,0.43667954501660755
1629,http://www.karistelefon.fi/sv/component/docman/doc_download/204-znid-24xx-configuration-guide,0.44270034812055065
1630,http://labottee.com/cs/,0.6558858731256939
1631,https://www.clinicapodologicahnosvicente.com/,0.4259315179301108
1632,https://tools.ietf.org/html/2535,0.36092257540978473
1633,http://www.chezlesdudu.com/includes/HNB/SLogin.htm,0.7920294294564221
1634,https://en.wikiquote.org/wiki/India,0.10829456759561505
1635,http://mailru.aiq.ru,0.7317984966241027
1636,http://www.pcmag.com/encyclopedia/term/41342/digital-media,0.14347192185582822
1637,https://nationalcareersservice.direct.gov.uk/job-profiles/bodyguard,0.3657993739730233
1638,http://www.ucb.edu.bh,0.07463871919686149
1639,http://extremalpro.com.ua,0.5134760349352147
1640,https://www.elitetraveler.com/,0.20035788903669496
1641,https://frankdiekman.com/wp-content/plugins/ubb/toda/webmail.php,0.9745017032031709
1642,http://www.emerson.com/en-us/automation/fisher,0.16126731954046178
1643,https://jbouy-my.sharepoint.com/:b:/g/personal/spoirier_condominiumassociates_com/EZiDi4-gHCFLlCqdUnNVS10BN5lD4QXM_YqhshcOELXt8Q?e=hJZaBn,0.7621200279688433
1644,http://grottedisaledesenzano.com/verr.php,0.7822976700822842
1645,https://www.dadcooksdinner.com/grilled-pork-tenderloin-with-gochujang-marinade/,0.19219112030898908
1646,http://kabarintens.blogspot.com/,0.5468460848191334
1647,https://games.en.softonic.com/windows/adventure-games,0.24170756164299245
1648,http://www.3g4g.co.uk/Hspa/HSPAE_Pres_0811_Andreas.pdf,0.18595032123709754
1649,https://www.realitnikomora.cz/,0.18154410043465002
1650,http://email.m-aut.ru/index.php/false/false/py1n.html/discovercard.com/dfs/accounthome/summary/-www.schwab.com/secure.accurint.com/unfcu2.org/login1/wachovia.com/myaccounts.aspx/investing.schwab.com/secure/schwab/https:/snsbank.nl/false/f,0.8460448748569634
1651,http://terrademaresol.blogspot.com/,0.5353982919772379
1652,https://www.secureupdate.appleld.com.duilawyeryork.com/ap/5267735305177eb/?cmd=_update&dispatch=5267735305177eb06&locale=_US,0.9411220911842959
1653,http://https.www.paypal.com.ttlart2012ttcysu.aylandirow.tmf.org.ru/ru/signin,0.663088731892747
1654,https://www.beautease.com/,0.1364754865572283
1655,https://rathena.org/board/topic/65959-packetparser-yommys-amazing-ragnarok-packet-analyzer-framework/,0.16097627995313554
1656,https://support-appleld.com.secureupdate.duilawyeryork.com/ap/1db20322d59ab66/?cmd=_update&dispatch=1db20322d59ab66a2&locale=_US,0.9642700599720712
1657,http://elexbetgir1.blogspot.com,0.7975517983629968
1658,http://en.rfwiki.org/wiki/Voltaire_(musician),0.12409816019065795
1659,http://support.hp.com/my-en/document/bps80028,0.7870171593846808
1660,https://www.skytel.mn/,0.17486649439490926
1661,http://www.mobilemp3indir.com/,0.2625627487378419
1662,https://cbgverzamelingen.nl/,0.5245411473403209
1663,http://support-appleld.com.secureupdate.duilawyeryork.com/ap/581d6deb2e3e91e/?cmd=_update&dispatch=581d6deb2e3e91efc&locale=_US,0.9646761228133729
1664,http://www.ipadable.com/20-best-ipad-apps-for-downloading-free-music/,0.13836165902166037
1665,http://support-appleld.com.secureupdate.duilawyeryork.com/ap/be19bf3fff854f9/?cmd=_update&dispatch=be19bf3fff854f93f&locale=_US,0.9657061007067163
1666,http://www.andreamigliaccio.it/components/com_ajax/chase.summary,0.5128640642479081
1667,http://notas-musicales-gratis.blogspot.com/,0.40946832739019956
1668,https://www.last.fm/music/Kendrick+Lamar/_/DNA.,0.25405373543306436
1669,http://www.cisdo.cn,0.10567060492258071
1670,http://www.thefreedictionary.com/corpora,0.04160346342998468
1671,http://www.webopedia.com/TERM/I/ISP.html,0.16726664836149607
1672,http://heartstrongyoga.com/main/lado/,0.5881146683040956
1673,https://5000rpgiveaway.000webhostapp.com/,0.8854230335618604
1674,https://vk.com/away.php?to=http%3A%2F%2Frajeshkhanal.com.np%2Fwp-config.php&amp;post=521188519_100&amp;cc_key=,0.9261084391412047
1675,http://www.magazine-agent.com/Archaeology/Welcome,0.3322844131315977
1676,http://www.ucmp.berkeley.edu/clad/clad1.html,0.2744044266373445
1677,http://www.medicalook.com/human_anatomy/systems/Peripheral_nervous_system.html,0.23274161566583587
1678,http://www.cittainfinite.eu/media/paypal-safe-direct.html,0.38402926443825663
1679,http://grubwhatsapp.fartit.com/,0.8033943778965655
1680,http://www.etecindsvc.com/8787/?sec=WiebkeOldsen,0.501196270226113
1681,http://www.linfo.org/osi_model.html,0.20719100756831524
1682,http://app.dialoginsight.com/T/OFC4/L2S/3888/B2685608/XRKO/737015/27934048/Ehc0TG/1/1627685/VdR2nPao/I/749903/y3ULZ4.html,0.8916484786308533
1683,http://likeshare.hop.ru/#identifier,0.6572153350853198
1684,https://www.buildlineup.com/,0.29540414575348956
1685,https://myjobsearch.com/careers/bodyguard.html,0.2849652379755063
1686,http://irbis.pushkinlibrary.kz:8087/FileZillaFTP/legal/,0.5718691985583719
1687,http://208.82.115.230/wp-includes/css/en/error.php,0.9589887100599845
1688,https://www.bls.gov/oes/current/oes292035.htm,0.3550278318894986
1689,http://dic.academic.ru/dic.nsf/ruwiki/131318,0.16049345500575238
1690,http://solde20.com/client/orange/index.html,0.8156221627914002
1691,http://grup-bokepwa-terbaru90.000webhostapp.com/login.php,0.9597838017324739
1692,https://nealhelps.com/care/pdf.php?l=_JeHFUq_VJOXK0QWHtoGYDw_payment-TTcopy&userid=,0.7306435000147109
1693,http://kontenlirik.blogspot.com/,0.6594970667744261
1694,https://www.ewa.org/,0.01696636671922123
1695,http://www.aziendaleone.com/moet/GD/,0.3077819514821446
1696,http://slader.com/textbook/9780538733519-numerical-analysis-9th-edition/,0.3818340746545159
1697,https://www.login-bank.org/bremer-bank/,0.440096739894277
1698,http://memopanel.nl,0.5095105090801996
1699,https://www.kunstpris.dk/images/dropbox/dropbox/index.php,0.8712499228464794
1700,https://www.aucklandlive.co.nz/,0.20720692345652275
1701,http://rmtl1a.net/c/67/923543/1675/0/3578172/419/63977/sidefg.html,0.7424577343062011
1702,https://serverfault.com/questions/385893/how-to-redirect-domain-a-to-domain-b-using-a-records-and-cname-records-only,0.17215700953593738
1703,http://whatsappjoins.4dq.com/login.php,0.9674465885802691
1704,http://www.definitions.net/definition/Database,0.12004878029038987
1705,https://jbimpex.com.pk//fd67mn/z,0.7637363049734998
1706,https://zrq2y.weblium.site/,0.7183926365390941
1707,https://www.annabelle.com.cy,0.20994814821631794
1708,https://www.xhkzv.com/,0.133913613167122
1709,http://scom2016.com/adobes/999ae4fcb5b2e97ec36f56dcb9b39434/,0.8252691575449808
1710,http://www.dummies.com/education/math/geometry/how-to-determine-the-area-of-sectors-and-segments-of-a-circle/,0.08238270944226962
1711,https://financiallifecoaching.builderallwp.com/wp-content/themes/skanda/?qzwoiniuGYTRYwysvwedbygVDRwydgCCYyueuuyywUBYVYUbxuWu,0.8128748513693351
1712,https://onedrive.live.com/redir?resid=4E2BB29813EA0AAF!10031&amp;authkey=!ALDTIONdCbvwyQE&amp;e=kFCf2R,0.8330279293753432
1713,http://www.clipartguide.com/_search_terms/computer_mouse.html,0.10203050258216771
1714,http://register.dynussi.org/,0.32967891418142303
1715,https://cingular-oac.qpass.com/oac/html/signin.do,0.5619496694597947
1716,https://www.markspcsolution.com/,0.13734221074357603
1717,https://softkinetic-com-dot-gl494903049.wl.r.appspot.com/,0.8264179019851041
1718,http://www.iowadnr.gov/Places-to-Go/State-Parks/Iowa-State-Parks/ParkDetails/ParkID/610105,0.21111006354207348
1719,http://chserviceemployeedesk.moonfruit.com/,0.7508655179502915
1720,http://asp403r.paperless.com.pe/ConsultaDHLExpress,0.5334403120424976
1721,https://goldcoastships.com/daum/daum/daaum/,0.5615627409206149
1722,http://batagorasyik.id/breder/cp_webmail/cpwebmail,0.8699749892320052
1723,https://support-appleld.com.secureupdate.duilawyeryork.com/ap/1b2f580020f233f/?cmd=_update&dispatch=1b2f580020f233f74&locale=_,0.9683053233893205
1724,https://www.dvorak-keyboard.com/,0.12347310929384996
1725,http://k58.homeinvest.com.pl/icloud/office.php,0.8085340016643753
1726,http://www.sanfoundry.com/training-on-linux-device-drivers/,0.15134462537252819
1727,http://tlook-off365-signin.el.r.appspot.com/app/index/index.html,0.9614300174067093
1728,http://www.vichy-roche.ru/,0.1995353660922663
1729,http://www.budi01.whatsaap.com.getsviip7.com/,0.5147649138562888
1730,http://supportmail.webservis.ru,0.9109336577809263
1731,http://www.pcworld.com/article/243136/open_source_vs_proprietary_software.html,0.14232724334370517
1732,http://hotalarmclock.com/advanced-timer/,0.5410845116069876
1733,http://grandbettinggir2.blogspot.com,0.6961109883361228
1734,http://www.getactive.gr/,0.1820944680422663
1735,http://www.partycity.com/category/party+ideas/birthday/boys/mickey+mouse.do,0.19864547579913883
1736,http://www.jornaldaparaiba.com.br/,0.27421393829678814
1737,http://www.opensecrets.org/cong-cmtes/special,0.16215247773910474
1738,http://www.hoursmap.com/s/ohio/save-a-lot-hours-locations-s1279946,0.2766830656013289
1739,https://www.harptabs.com/song.php?ID=14188,0.4087275125824869
1740,http://www.phoenixlocksmith-az.com/prole/?p,0.5239723482365735
1741,http://windowsreport.com/microsoft-movie-maker-windows-10/,0.2884771356097941
1742,https://www.freshcouponsdaily.com/,0.30074309030531216
1743,https://www.outdoorxl.be/,0.21053216225922178
1744,https://outlook-webapp-portal.el.r.appspot.com/,0.9117750898783163
1745,http://mintubrar.com/Bt/match/,0.5729398155254828
1746,http://623112j4j3.codesandbox.io/inter/,0.8761164385001946
1747,http://alojamientoenobera.com.ar/img/,0.6914269803157881
1748,http://d2882xyni5hwu8.cloudfront.net/,0.688637143679003
1749,https://us-solar-department.com/d/4/?reqid=11175476&amp;cp=1586&amp;a=591&amp;s=347,0.7608101101418655
1750,https://linza.com.ua/,0.48341049563744776
1751,http://thapthan.ac.th/information/confirmation/110dpbox/page/4b4a2deee82d10dfa4d58d87fce94385,0.7888752585871656
1752,https://www.be-glass.de/,0.1156409994927566
1753,https://www.zero.de/,0.16058156486817513
1754,http://www.wikihow.com/Make-Protein-Pancakes,0.09307871064975233
1755,https://www.venue-hire.net.au/secure/ok/index.php,0.7384266357261473
1756,http://www.dislessiaamica.com/,0.1360941218651826
1757,http://www.franbaise.com/,0.19729156300262737
1758,http://www.swimmingworldmagazine.com/,0.1913390916054421
1759,https://drive.google.com/file/d/1ufm8t3_jijWSM70iKGN331ONHDfbvTj1/view?usp=sharing,0.8344083904486743
1760,http://celtabets1.blogspot.com,0.7405553507757274
1761,https://www.tumblr.com/safe-mode?url=https%3A%2F%2Fopiumudkr.tumblr.com%2F,0.1431703110982163
1762,http://www.chillbarandcafe.com.au/,0.21561240591621345
1763,http://www.calorielijst.nl/,0.14246390877364246
1764,https://support-appleld.com.secureupdate.duilawyeryork.com/ap/c05f378d59c6ba8?cmd=_update&dispatch=c05f378d59c6ba805&locale=_US,0.9611290102585107
1765,https://153284594738391.statictab.com/2506080?signed_request=vLSGIn9-mAPLo6LyP7j3KlFSRK21rVpIY43KPlBTDWI.eyJhbGdvcml0aG0iOiJITUFDLVNIQTI1NiIsImlzc3VlZF9hdCI6MTQxNjU0NDIzNywicGFnZSI6eyJpZCI6IjQ2MDk4ODc5NzI3ODA2NyIsImFkbWluIjpmYWxzZSwibGlrZWQiOnRydWV9LCJ1c,0.8126294256659365
1766,http://www.businessghana.com/site/autos,0.34731150202691713
1767,https://www.tfehotels.com/en/,0.10607899717841622
1768,https://gamebebe.blogspot.com/,0.5708747770571716
1769,http://ecoachinginternational.com/sitemaps/page3/,0.6212876432914746
1770,http://gruposuporte.com.br/,0.7109978926212057
1771,http://www.dummies.com/computers/pcs/chromebook-find-files-with-the-files-app/,0.12490072918945173
1772,https://www.youtube.com/user/VoltaireMusicPage,0.23996035867942236
1773,http://www.thatsmint.work/wp-includes/irs,0.7411368385593563
1774,http://www.phoenixlocksmith-az.com/prole/?p[]=prole,0.5327943839217802
1775,http://www.cashflowfxonline.com/wp-content/themes/twentytwenty/inc/toda,0.7545654773927846
1776,http://site9552191.92.webydo.com/,0.8277501402285824
1777,https://www.mhpcolorado.org/,0.14829672385452944
1778,http://icloud.com.find.support-lphone.co/,0.6122333117437069
1779,http://betasuus1.blogspot.com,0.8500472432977831
1780,http://ruasepicas.pt/paypal.com.update.account.confirmation.billing.information,0.8535888743647875
1781,http://dindaforrodasantigas.blogspot.com/,0.5912996129523962
1782,http://mail.daaar.nu/~u43730p39181/pki-validation,0.8868815302481329
1783,https://www.planetparfum.com,0.1709601790961293
1784,http://www.artesacracremona.it/ionos/login.php,0.7124325560094185
1785,http://www.laoconsulatehongkong.gov.la/cllie/excelz/bizmail.php?email=nobody@mycraftmail.com,0.7241197567757851
1786,https://grim-4875933.app.link/,0.9000599483850957
1787,http://meettheproducers.org/wp-admin/network/docs/s/index.php,0.8226611683848751
1788,http://www.contacthawk.com/templates/beez5/blog/76b49ce9fe560c1e4ab46bee52c1a8eb/,0.7141272661873843
1789,http://www.mediacollege.com/video/shots/closeup.html,0.3886079901095412
1790,http://www.0930-69.com/,0.18533809852158345
1791,https://secur-ppal.xyz/,0.8096997979022482
1792,https://filetransfer.io/data-package/J1D4h9C3,0.7108176735691851
1793,https://www.zaba.hr/home/en/small-business/transaction-account,0.3459545553078421
1794,http://www.Cisco.com/c/en/us/solutions/small-business/resource-center/connect-employees-offices/network-switch-what.html,0.22189361234523605
1795,http://excel.bigresource.com/Mining-Text-Fields-Y7FskBrx.html,0.38312476476034407
1796,http://smsenligne.myfreesites.net/,0.7703680039525693
1797,http://kjsa.com/2000w/htdocs/ugo.cfm/?go=www.paypal.com,0.5964183039743653
1798,http://dscsc.lk/images/comunicado-pbb.com.br/,0.7421570297453318
1799,https://ru.wikipedia.org/wiki/Fiber_to_the_x,0.0603064762952758
1800,http://www.urbandictionary.com/define.php?term=tabloid,0.1288781255213085
1801,https://four-this.web.app/,0.7246125443738917
1802,https://support-appleld.com.secureupdate.duilawyeryork.com/ap/59cda13379def67/?cmd=_update&dispatch=59cda13379def6785&locale=_US,0.9594554957669181
1803,https://event.on24.com/wcc/r/1891550/A89D0EC9BEE2E4366670FE794242B61C?partnerref=email,0.8464322599501471
1804,https://www.secureupdate.appleld.com.duilawyeryork.com/ap/65e7c3ac382597a?cmd=_update&dispatch=65e7c3ac382597a26&locale=_US,0.9357625104710029
1805,http://cliqueganhemais.blogspot.com/,0.629567229609526
1806,http://medical-dictionary.thefreedictionary.com/latency+stage,0.09854617299839132
1807,https://www.optimum.com/home-internet-service,0.2141656313850114
1808,http://www.nabsibs.com/,0.1326134453868131
1809,http://askinbirkan.com/0ffice/login.php?u1=_KDFUp_UJ0XK0QXStoGYGw1994256414&amp;fid.126InboxLight.aspxn.1994256516&amp;fid.1252855645289964213Inb0xiLighting_Product-userid&amp;userid=,0.9171517718822979
1810,https://www.haciserif.com.tr/,0.3006160894529904
1811,http://mjgh.hyperphp.com/az,0.717201747801374
1812,https://20200724070105-dot-s2pe7ed9y.rj.r.appspot.com/office/index.html?username=ac,0.9208421127806093
1813,http://jugssports.com/batting-cages/,0.44670057673655833
1814,https://vipvendo.net/Limited.html,0.728339389529833
1815,http://computerbla3.blogspot.ru/2010/02/cd-rom.html,0.4400620764576994
1816,http://regiscoyne.com/368762BDB30FAB1003AAB48B3362C445/,0.7683650936529991
1817,http://corfuproperty.gr/Secure-Doc/@@/index.php,0.8765064036277109
1818,https://telecomenterpriseinc-my.sharepoint.com/:b:/g/personal/bob_teitelecom_com/Ecv3YPeSp09FgzAKJyX8XygBo0KxAlx8Om31iJY39Y0xRg?e=c92JXb,0.7619343038242472
1819,http://www.businessdictionary.com/definition/transaction-cost.html,0.044035147184783234
1820,http://www.support-appleld.com.secureupdate.duilawyeryork.com/ap/476b97ed415a584/?cmd=_update&dispatch=476b97ed415a584a5&locale=_US,0.9246784193941298
1821,http://keithblyeforlacera2018.com/wp-includes/cron.htm,0.8703992973381478
1822,http://viralzone.expasy.org/3970,0.3948929091850776
1823,https://www.scubaearth.com/Default.aspx,0.13245355705622414
1824,https://drive.google.com/file/d/1mXvQZdx6oV8cC-0RbIxIfEVMczstZ573/view,0.8715757703162438
1825,http://bicicentroslezama.com/EJERCICIO/2050X/myaccount_done.htm,0.7759691295085401
1826,http://m.g2236.com/,0.6873860778808865
1827,http://www.thevintageknob.org/,0.13222466225729212
1828,https://netflxius.tumblr.com/,0.1898504311995617
1829,https://qnaqaaa08cowa.et.r.appspot.com/wp-content/uploads.php,0.9716394217247994
1830,https://attmailvalidation.typeform.com/to/lqPNdu/,0.8063171949517995
1831,http://www.bajer.info.pl/plugins/authentication/help/customer_center/customer-IDPP00C144/myaccount/signin,0.8196574177036686
1832,http://drinksomecoffee.com/tmp1/agreement_docs2/specialdocs/365i,0.6244360685867615
1833,http://www.famousfix.com/tag/mickey-mouse-club,0.18685958627777272
1834,http://www.bgames.com/multiplayer-games/,0.09701020051168094
1835,http://stikkers.mcdir.ru,0.509808777034964
1836,https://www.top20sites.com/top-bodyguard-jobs-sites,0.1407695313553919
1837,https://www.agricolors.fr/,0.2181485283492607
1838,http://office365-login-outlook.el.r.appspot.com/wp-content,0.9737556475815072
1839,http://support-appleld.com.secureupdate.duilawyeryork.com/ap/a59720af1aca758/?cmd=_update&dispatch=a59720af1aca758ba&locale=_jp,0.9660488794669804
1840,https://dydy2.app.link/ZtkuhIFAU2,0.8829314484550128
1841,https://edu-canet2.web.app/,0.7888635736629094
1842,http://imagenesmentales.com/admin/update/Login/customer_center/customer-IDPP00C254/myaccount/signin/,0.9728641989074691
1843,https://ontslag.nl/,0.5485940962173614
1844,http://www.idganswers.com/,0.10094107588575789
1845,http://blog.wanken.com/7644/typefaces-of-the-world-poster/,0.26837079894793986
1846,http://ch.net2care.com/ar2/,0.5751986350574263
1847,http://vps-e8c88472.vps.ovh.net/,0.6446359999565766
1848,https://elhagearms.com/jppp/toda,0.6854751112226198
1849,https://support-appleld.com.secureupdate.duilawyeryork.com/ap/8060087b140c43e?cmd=_update&dispatch=8060087b140c43e23&locale=_US,0.9572410385049175
1850,http://acqalma.az,0.5792985871329634
1851,https://5bn0j.app.link/wwlvL7es64,0.8913503622561901
1852,https://www.elsoldedurango.com.mx/,0.26797101634674547
1853,http://www.bciaustralia.com/,0.11218232893490505
1854,https://www.phenomenologylab.eu/wp-includes/js/jquery/ui/x1x/v4/f4b16973e141a98/cc.php?cmd=_update&dispatch=,0.923392474424593
1855,http://beta.kenaidanceta.com/postamok/07fc3/source/,0.7146023805094301
1856,http://fr.imsly.com/direct/aHR0cHM6Ly93d3cuZmFjZWJvb2suY29tL2ltcHJlc3Npb24ucGhwL2YzNmZhYzcyMTM5Y2Y2NC8_bGlkPTExNSZwYXlsb2FkPSU3QiUyMnNvdXJjZSUyMiUzQSUyMmpzc2RrJTIyJTdE,0.8097897673548019
1857,https://www.practiceofthepractice.com/,0.175447464559378
1858,https://betasus25.blogspot.com/,0.845022390999186
1859,http://unitus.mk.ua/sites/default/files/ctools/ams/cms/index/www/customer_center/customer-IDPP00C156/login.php,0.8856112966582121
1860,https://lingust.ru:443/,0.4870207940050346
1861,http://www.mathopenref.com/segmentarea.html,0.1507066269149299
1862,http://www.paypal-verification.applmanager.com/customer_center/user-154773/,0.777898560315451
1863,http://www.investopedia.com/terms/s/standard-error.asp,0.11523292538021963
1864,http://www.abbreviations.com/Packet%20analyzer,0.17167587047533817
1865,https://www.cardinalcommerce.com/,0.1428531191547021
1866,https://sites.google.com/site/suportunblockscuritycentre/,0.7476906414406967
1867,https://www.onmypost.com/press/xx,0.24999518918873664
1868,http://ecotaskforce.com/Master/fronts/66.998.09.754,0.7195803175438664
1869,http://3.ly/uhP,0.8192149973607262
1870,http://strewn-liquor.000webhostapp.com/JUD/crypt/crypt/index.html,0.9135629473038276
1871,http://mail.lwpr.com.cn/index.html,0.9398258427364001
1872,http://www.wootware.co.za/,0.07738498610692353
1873,http://www.thebodyguardmusical.com/,0.1386261410772203
1874,http://www.campisicorradomichele.com/public/_vti_cnf/mo.php,0.34891763957267086
1875,http://www.zougla.gr/,0.1563576167565844
1876,http://support-appleld.com.secureupdate.duilawyeryork.com/ap/5a6a2e73795735c,0.9601169310143147
1877,https://www.cherrybrook.com/,0.1356736502064447
1878,http://www.payscale.com/research/US/Job=Graphic_Designer/Salary,0.21000052547777642
1879,http://b4969fcb-008f-4a86-b04e-134a3cb3fe13.htmlcomponentservice.com/get_draft?id=99ea0e_8eddaa8b0b3b6316a653bbd03eb5b48f.html,0.8571116826796056
1880,https://www.jeyamohan.in/,0.19765216086664472
1881,http://www.payscale.com/research/US/Job=Digital_Media_Specialist/Salary,0.16106414015456705
1882,http://stolizaparketa.ru/wp-content/themes/twentyfifteen/css/read/chinavali/index.php?email=_xxx@yyy.com__,0.9583232694012975
1883,https://www.providenceiscalling.jobs/,0.1649997758013883
1884,https://rebrand.ly/9m831w,0.776824915742327
1885,https://www.tumblr.com/safe-mode?url=http%3A%2F%2Fshe-takes-the-stick.tumblr.com%2F,0.08265446300938926
1886,http://filedotard.yolasite.com/,0.6995889393885557
1887,http://shadetreetechnology.com/V4/validation/5299f78e1496ac1d81d3b65190e95fd9,0.8951272154057354
1888,http://www.cnc-club.ru/forum/index.php,0.5558800317424295
1889,http://www.breitbart.com/big-government/2017/01/14/donald-trump-winning-war-cnn/,0.18678022870118902
1890,http://mymannga.blogspot.com,0.5425809112632106
1891,http://165.22.103.235/importantnoticeclient=0952/directing/www.cibc.mobi/ebm-mobile-anp/,0.5449586089188818
1892,https://www.tripadvisor.com/Restaurant_Review-g49022-d398598-Reviews-Mimosa_Grill-Charlotte_North_Carolina.html,0.3007714227803208
1893,http://search.yahoo.com/tablet/s?p=digital+camera+walmart&ei=UTF-8&fr2=rs-bottom%2Cp%3As%2Cv%3Aw%2Cm%3Aat-s&b=11&pz=10&xargs=0,0.33543980654706834
1894,http://ken.kulaklikdergisi.com/index.php?email=sales@optimus.co.th,0.8449034025684352
1895,http://www.oracle.com/technetwork/database/enterprise-edition/downloads/112010-win64soft-094461.html,0.18683648155264973
1896,https://russeprofilering.no/,0.5675989981786906
1897,https://www.youtube.com/watch?v=P_u3g95bzIE,0.19427256022051417
1898,https://dottech.org/171100/how-to-bring-back-the-old-google-menu-bar-in-chrome-tip/,0.17607183301038323
1899,http://ng.openmicspace.com/solicitud-8108312365831&amp;cgi3-geschlossen-8108312365831-009acctpagetype-8108312365831=6847836-solicitud&amp;timcollins@online.de.html,0.700396722784929
1900,http://www.petroczigabor.hu/,0.20226117451414927
1901,http://ge.onyemusic.com/cm/cn/error.php,0.6826811228544483
1902,http://games.torrentsnack.com/kinect-rush-a-disney-pixar-adventure-xbox-360/,0.29809559326081636
1903,https://definitions.uslegal.com/t/transaction-account-guarantee-program/,0.25762262584007783
1904,http://www.1001fonts.com/blackletter-fonts.html,0.2397610489429215
1905,http://www.vantaiduccuong.com/kom/Gdoccc/,0.469329678196733
1906,http://www.livesoccertv.com/channels/fox-sports-go-usa/,0.2706450318595853
1907,https://play.google.com/store/apps/details?id=com.itau,0.6038211168515935
1908,http://clayheart.com/wp-content/plugins/jjkkii/,0.9193787754903145
1909,https://www.iptvultra.com/,0.12706250265465854
1910,http://spinkseagle.com.au/zv/OneDriv/l0gin2nd.php,0.8136858580004952
1911,http://mucins.weebly.com/13-protocols-and-standards.html,0.2451812625213983
1912,http://us.megamilly.com/index/log/claim/claims.html,0.7608048474130552
1913,http://ccmservicios.com.mx,0.7580299307434464
1914,https://vokrugsveta.ua/,0.5362540528977345
1915,http://translate.academic.ru/compact%2Bdisc%2Bread%2Bonly%2Bmemory/zh/en/24/,0.25466668800477593
1916,https://www.coablog.org/,0.025971157233412954
1917,http://www.tbklub.hu/,0.12545663287602402
1918,http://holiganbett1.blogspot.com,0.6928648570126307
1919,https://veazieit.com/wp-admin/auth_2/feedback.php?pID=1510436014,0.9199740646088365
1920,http://lekhankunja.com/wellsfargo/session/signin.php,0.8559358884075594
1921,https://secureupdate.appleld.com.duilawyeryork.com/ap/30518264db1d51a,0.9569091771042812
1922,http://thetrumpetstone.blogspot.ru/2011/01/lds-temple-baptismal-font-styles.html,0.3970128644124735
1923,http://theloveonherproject.org/antietamx.html,0.3301611157338672
1924,http://www.thefreedictionary.com/image+scanner,0.11137766793452165
1925,http://blazinglist.com/best-graphics-cards-for-gaming-ever/,0.1659785904117699
1926,https://support-appleld.com.secureupdate.duilawyeryork.com/ap/9e4ff0adb4486e6?cmd=_update&dispatch=9e4ff0adb4486e621&locale=_,0.961396923247524
1927,http://www.totallandscapecare.com/landscaping/virtual-reality-landscaping/,0.28347140004306004
1928,http://etecindsvc.com/8787?sec=wiebkeoldsen,0.7204809866487957
1929,https://arcromdiamonds.ro/fr/,0.5648258191053427
1930,https://www.instagram.com/imdbpro/,0.34327727772025096
1931,https://www.researchgate.net/publication/271074231_The_Open_Source_Modelica_Project,0.13588327777295894
1932,https://docs.google.com/forms/d/e/1FAIpQLSdw7WWLMe5NBmdW5bohTmHDl3Uyh4bKaoCq0P7I7wbcuSoWeg/viewform,0.8409460641659329
1933,http://www.rokuhelp.com/tag/discovery-family/,0.24185446126520646
1934,http://www.jamieoliver.com/recipes/category/dishtype/curry/,0.2380310170547734
1935,http://www.ehow.com/info_8006235_digital-media-arts-salary.html,0.18526299100924953
1936,http://secureupdate.appleld.com.duilawyeryork.com/ap/e682f07162b4a03/?cmd=_update&dispatch=e682f07162b4a0339&locale=_,0.9599792675955084
1937,http://www.linfo.org/command_line_interface.html,0.19388680079551981
1938,http://www.zamzar.com/uploadComplete.php?convertFile,0.5469615681293417
1939,https://eoexpo.sa/boa/bankofamerica/index.php,0.8965865486322311
1940,http://www.picobong.com/www.redirect.com.htm,0.1616510412810709
1941,http://11plus.hk/,0.4518924397519533
1942,http://office365.it.support.alertsnotification.com/landing/form/301766ce-1859-4795-ba35-69219315f9f5,0.8115928926385064
1943,http://sharedpont77wwjxjx.df.r.appspot.com/wp-content/xp.php,0.9661223603213193
1944,http://www.conexiondevida.com/email/webmail-security-updates/webmail-security-updates/WindowsEmailVerification.html,0.8185735662754535
1945,https://www.nist.gov/pml/time-and-frequency-division/popular-links/help-radio-controlled-clocks,0.2240905137288456
1946,http://www.clipartpanda.com/categories/computer-mouse-clipart-black-and-white,0.10571181086721744
1947,http://ShopoTam.ru/catalog/Cameras_And_Photo/Camera_And_Photo_Accessories/Memory_Cards/canon/221984562056-item.html,0.512189662386116
1948,https://miapple.me/ios-8-airplay-peer-peer-airplay-iphone-ipad-apple-tv-without-wifi/,0.3188054797687446
1949,http://thaihouseliving.com/wp-admin/includes/wetrans/index.php,0.9678055158447444
1950,http://m.hf2555.com/,0.7020361461847848
1951,http://dget.nic.in/content/,0.6420490577202106
1952,https://www.calculoid.com/,0.14499895472851987
1953,http://www.ebi.ac.uk/GOA/InterPro2GO,0.2880937968961961
1954,http://www.everytalk.org/,0.0992845083948407
1955,http://orderpps.xyz/,0.7081297999627337
1956,https://novafashion.ru:443/,0.49925804908808447
1957,http://www.xbox.com/games/xbox-one,0.32994034227053215
1958,https://github.com/OpenModelica/OpenModelica,0.3207744079463654
1959,https://www.tortissimo.de/,0.11786697668256323
1960,https://www.destinationhotels.com/,0.13719951695068827
1961,http://bgr.com/2017/02/22/nintendo-switch-gamestop-midnight-launch/,0.27619012982356944
1962,https://sofafactory.org/merx/uploo/?email=rla1347626@hanwha.com,0.6913043692792475
1963,http://www.livedoor.com/,0.17529853246653326
1964,https://www.cnet.com/products/nokia-3310/preview/,0.24665911934512005
1965,https://www.soul-flower.com/,0.15762218621204874
1966,https://www.stresni-nosice.cz/,0.17270877515478567
1967,https://sites.google.com/site/ilyasdxih/,0.7961873413528058
1968,http://www.ijedr.org/papers/IJEDR1302022.pdf,0.23463667201200264
1969,http://schaaf.ch.net2care.com/https//admin.hostpoint.ch/431abc189a39f5b6059cd5d279f83901/,0.8906365838746393
1970,https://www.kisa.link/url_redirector.php?url=MQP9,0.7037004789445244
1971,http://www.itunes.aieuv.cn/mim/11wfo6p968wg04o6q7435ew6159m924io9e830941y66414i87.html,0.6536683486682705
1972,https://www.pcreview.co.uk/threads/hypertext-transfer-protocol-with-privacy.2691913/,0.20735423402673425
1973,https://www.advancefamilyplanning.org/,0.16989950014856467
1974,http://www.trainingcesarsway.com/courses/search-and-rescue,0.12659923604088538
1975,http://chatwhatsapp-sahur2020.otzo.com/,0.8316387208564963
1976,http://157.240.2.20/,0.7591323401261798
1977,http://www.tutorialspoint.com/javascript/array_foreach.htm,0.27098797509895284
1978,http://www.yeggi.com/q/death+mask/,0.2174972585739724
1979,http://wiki.openstreetmap.org/wiki/Databases_and_data_access_APIs,0.17732028405400838
1980,http://alertasbancolom3.webcindario.com/,0.8432232114511053
1981,https://www.rams.com.au/,0.15368435236988065
1982,https://1und1decollect.tumblr.com/,0.24762799376548683
1983,https://www.facebook.com/toryburch,0.14315262759119093
1984,http://temynaandroid.somee.com/igri-android/igri-dlya-nokia-n8-symbian.html,0.4841529963700492
1985,https://www.radioshack.com/search?q=null+modem+cable,0.16899933311843654
1986,http://www.ladyada.net/library/openhardware/license.html,0.2979185578092037
1987,https://www.secureupdate.appleld.com.duilawyeryork.com/ap/85f33bf69dc19c1/?cmd=_update&dispatch=85f33bf69dc19c17e&locale=_,0.9377013094308603
1988,http://www.canhomasteri.com/wp-includes/images/index..php,0.9270464470712376
1989,https://vk.com/away.php?to=http%3A%2F%2Fcomfirmastionveriasarivasel-sjdn2389hajd280jad2.com%2Fvk&amp;post=477214661_2&amp;cc_key=,0.8860317639158011
1990,http://app11.easysendyapp.com/orangeclients/,0.7650882837641672
1991,https://1drv.ms/b/s!Ajv7gwkdOvZdaTlPYfNUHg_IdPM,0.7515100141025624
1992,http://bdoonline-verify.com/,0.71079991781045
1993,http://madeua.info/media/jsslider/drive/index.php,0.9059786402289435
1994,http://oaksys.co/c/,0.5550681635833888
1995,http://www.neudorf-ole.irv.cc/4B374AA12276932A9FA724E6142E9BD1,0.7086686465076713
1996,http://download.cnet.com/s/internet-radio-tuner/,0.36330341488920853
1997,https://drive.google.com/file/d/1dZwFmGjphXZLgluJriPjvloaLfWTQI6o/view?usp=sharing/,0.8783532838584907
1998,https://joudialbarat.blogspot.com/,0.5208279946162062
1999,http://www.slaphappylarry.com/,0.2223602726632315
2000,http://rotuloscabanas.es,0.4820896001820102
2001,http://www.maprotec.de/plugins/login/LoginCPSession.html,0.7888455590027121
2002,http://regiscoyne.com/368762BDB30FAB1003AAB48B3362C445/?sec=Laura%20Testa,0.8070475233991
2003,http://www.smith-wesson.com/firearms/mp-bodyguard-380,0.24020809888731828
2004,https://spanizerluo.files.wordpress.com/2015/08/sentry-fingerprint-safe-manual.pdf,0.14129570766891786
2005,https://hmrc.secure-rebate.uk/,0.7634561627644024
2006,https://www.lotstosave.com/,0.18296839523843614
2007,http://lesbenwelt.de/download/.js/T-online/Telekom.php,0.776833129644011
2008,http://www.fuhyo-bengoshicafe.com/,0.14696805473081642
2009,https://www.secureupdate.appleld.com.duilawyeryork.com/ap/1c2d66170e28e29/?cmd=_update&dispatch=1c2d66170e28e2904&locale=_US,0.9402130017890956
2010,http://www.acbl.org/learn_page/how-to-play-bridge/,0.09082919912129811
2011,http://steamcommuunnity.ru.com/,0.4563951223952311
2012,http://atendimentocentralbcb.kinghost.net/brainfoemail/12RXRHJU7AV06IVTUQG7.html,0.7647226552339655
2013,http://www.calmclinic.com/anxiety/signs/memory-loss,0.2727785713693403
2014,http://navelec.com/products,0.42602201897751746
2015,http://www.hogsandheifers.com/wp-content/gallery/allan/dynamic/Arch/Arch/Archive/,0.4597850192875465
2016,http://fromthreelogin.co.uk,0.7563052107352283
2017,https://623112j4j3.codesandbox.io/pjj,0.8812406369045477
2018,https://office365-portal-verify.el.r.appspot.com/,0.9311361221681191
2019,https://tinyurl.com/y5npwxnp,0.7338669771879027
2020,http://en.academic.ru/dic.nsf/enwiki/295527,0.11714308049792402
2021,http://seanorr.tumblr.com,0.12956850176516818
2022,http://metro.co.uk/2017/01/13/australian-open-prize-money-2017-how-much-players-will-earn-each-round-in-melbourne-6378987/,0.16335218409454116
2023,http://www.proteinstructures.com/Structure/Structure/protein-domains.html,0.31239755863672264
2024,https://en.wiktionary.org/wiki/iconoclast,0.06463664088433078
2025,http://www.blogrollcenter.com/Auto-Racing/,0.24011141234554437
2026,http://argogroupus-com-dot-gl494903049.wl.r.appspot.com/,0.8607401479946619
2027,http://betebet122.blogspot.com,0.8052743449586448
2028,http://centromusicalpaternense.es/wp-includes/css,0.8239718407491324
2029,https://www.hugedomains.com/domain_profile.cfm?d=recordinghound&e=com,0.33055481499586753
2030,http://www.nakehub.com/,0.09124293304098756
2031,http://dostavkacvetovkievzakazatonlajn.cheap/,0.5883051115155675
2032,http://sma.naturealtree.com/ktz?yz=Z4NwlHBmcGKEmLqxy5qmnnx0YpGGjIx0fGBkaHy0j2lj/vicky.lance@promutuel.ca,0.7371529593144268
2033,http://www.senso-ji.jp/,0.1325152121760321
2034,http://www.gradshower.com/wp-content/plugins/Update/bancor/ee57aa4f9275c41a3295c739f299a6b8/auth.php,0.9390422037164413
2035,https://1drv.ms/w/s!AsNzMI0PXdsVdwM3LmOA9ykIZY0,0.7540055387974678
2036,https://www.mrspeakers.com/,0.09285946243725703
2037,http://secureupdate.appleld.com.duilawyeryork.com/ap/f135e31d79d0b2a/?cmd=_update&dispatch=f135e31d79d0b2ae1&locale=_,0.9655064038647436
2038,https://support-appleld.com.secureupdate.duilawyeryork.com/ap/ee636eeb7669742/?cmd=_update&dispatch=ee636eeb76697424b&locale=_,0.9656573616669943
2039,https://contarv.creatorlink.net/,0.6921544390361191
2040,http://secureupdate.appleld.com.duilawyeryork.com/ap/88b142e778d73f7,0.9608006762137223
2041,http://freepatternsamigurumi.blogspot.com/,0.4837808695221362
2042,https://www.pharmacy295.gr/el,0.40632126058261914
2043,https://www.sparkasse-nea.de/de/home.html,0.2668926805077366
2044,http://ledger-event.com,0.43404229857204785
2045,https://en.wikipedia.org/wiki/Air_Traffic_Controller_(video_game),0.0849084220292586
2046,http://www.nltk.org/book/ch02.html,0.18948182631113317
2047,http://www.passwordlogic.com/index.jhtml,0.4106978352208173
2048,https://www.bloggo.nu/,0.11882019258869032
2049,http://www.feitoparavoce-digital.com/,0.19251286219209207
2050,http://www.bionity.com/en/encyclopedia/Clades.html,0.12227124345066907
2051,https://lnk.pmlti-etai-2.ovh/5AriqULhaqbrEMykcc9Q3rRuAjiQj696Z115121108099097100101116064111114097110103101046102114c55Ur1200267/document.html,0.7895154292428043
2052,http://gg.gg/itoken-itaucard2-0,0.5004486111844217
2053,http://www.abrahamlincolnonline.org/lincoln/speeches/gettysburg.htm,0.3472721643502204
2054,http://bit.ly/itauweb-master-net,0.6752340411561304
2055,http://beesnaturals.com/u.php,0.6639015155876741
2056,https://forms.office.com/Pages/ResponsePage.aspx?id=DQSIkWdsW0yxEjajBLZtrQAAAAAAAAAAAAMAACa_CgtUQ0FPVFBFRkpNN0kxV08wRTVMOEkyMENBUS4u,0.8136371510998496
2057,http://dpp.the4orce.net/index.php,0.8958330781941637
2058,https://www.volley.de/,0.20367898056199163
2059,https://www.bridgedoctor.com/faq-solo.php,0.29817668127426833
2060,https://lumiere.nl/,0.5241282770117792
2061,https://hdsupply.allegiancetech.com/cgi-bin/qwebcorporate.dll?idx=S3HTQC&amp;rk=GA2DKU,0.7791549660001583
2062,https://atendimento.rnp.br/otrs/customer.pl?Action=PreLogin;RequestedURL=Action%3DCustomerTicketZoom%3BTicketNumber%3D40192749,0.650335847986919
2063,http://www.les-plus-beaux-campings.com/,0.20871984060126705
2064,http://www.cinnabarhills.com/,0.15499863581401035
2065,https://www.flickr.com/groups/publicdomain/,0.23367286534669054
2066,https://amercomminc-my.sharepoint.com/:w:/g/personal/jreino_americancommunication_com/EYyYRXvFTzJNqpuZFiED3jIBOLNrPf7EfR-yXWKzQZh35g?e=fgkOuQ,0.6921256297427963
2067,https://ilo-aruba.blogspot.com/?m=1,0.6504920646102209
2068,http://www.luigitavanti.com/blog/profile/,0.4667143514666383
2069,http://www.smartinsights.com/social-media-marketing/,0.1715320723178658
2070,https://index.kroppsfunktion.com/online/account.html,0.8724786354660117
2071,http://www.nintendo.com/games/,0.14965946175837655
2072,https://startxpo.com/facture_orange/customer_center/customer-IDPP00C924/login.php,0.8696619226299535
2073,http://aksoydanismanlik.com/microsoft/microsoft,0.5533312412275578
2074,https://www.scrambled-o.com/,0.11833712453901749
2075,https://1drv.ms/b/s!AryVPaKMgcTrbPdM1x3GIKpegz8,0.7088443850413241
2076,https://www.autoshowny.com/,0.12377869554450217
2077,https://suelocanario.es/fed/FEDEX,0.6387174701031906
2078,https://www.walterland.net/,0.16615760711595384
2079,http://www.decaturilbgc.com/ckeditor/themes/default/plwestern.ph.com/citingwast/welcome/welcome/login.php?cmd=login_submit&id=13e7ee480025090ea8fbcb8f868caab713e7ee480025090ea8fbcb8f868caab7&session=13e7ee480025090ea8fbcb8f868caab713e7ee480025090ea8fbcb8f868caab7,0.8503117856947157
2080,http://accofestival.co.il/am/googledocs/index.php/files/files/otherx.jpg/files/otherx.jpg/files/style.htm/files/files/style.htm/,0.8797050129427517
2081,http://laurenandlael.blogspot.com,0.5407135072405845
2082,https://sites.google.com/site/protectedinmprovmnt44/,0.6909845926926538
2083,http://www.wikihow.com/Display-Bookmarks-in-Chrome,0.0786346116545469
2084,http://www.livingwagenyc.org/files/poster/scan/pdfonline,0.40243352048975917
2085,http://623112j4j3.codesandbox.io/bigshuju,0.8639392427210384
2086,http://cartetitolare-it-mps.www1.biz/portaleTitolares11/,0.6020162572242691
2087,https://20200803153331-dot-res4po1ns5ive.rj.r.appspot.com/sw/index.php,0.9214603211491617
2088,http://flavena.co.rs/mc.html,0.49224889171848124
2089,http://www.junkmail.co.za/digital-cameras/south-africa/c120r1,0.4277932623888833
2090,http://dailynylon.tumblr.com,0.2567569303492767
2091,https://www.officialliker.co/,0.24170131410280676
2092,https://www.adogames.com/,0.09848672427102208
2093,https://hoosevents.com/https:/impotsgouvfr/da674af0e12b648d840048f71cb0dfb0/info.php,0.8992565680427179
2094,http://surfeventsco.com/cgi-/,0.6569057889102239
2095,http://www.edenbridgetown.com/ethics/reference/war/un_res_1441.shtml,0.23040246856723473
2096,https://www.youtube.com/watch?v=DDnULVBcmkk,0.18366795625170948
2097,https://www.esen.tn/,0.06719156330944895
2098,https://www.impotspublicservice.com/8f6c2005856507a5981b73c5594988a6/success.php,0.7698969782697457
2099,http://www.altiusdirectory.com/Sports/australian-open-tennis-prize-money.html,0.11366099875854602
2100,http://www.sloaneandhyde.com/drs/new2015/pvalidate.html,0.5604296057970569
2101,http://diyaudioprojects.com/Power/DIY-Shielded-RCA-Interconnect-Cables/,0.3496556223246098
2102,http://www.answers.com/Q/What_are_the_main_ideas_of_Voltaire,0.16353111944468063
2103,https://www.computerhope.com/jargon/c/cdrom.htm,0.14411886587295414
2104,https://diesel.ie/,0.5568124168666934
2105,http://www.wascd.org/,0.060990108254575244
2106,http://support-appleld.com.secureupdate.duilawyeryork.com/ap/16a9581d3dd80c2?cmd=_update&dispatch=16a9581d3dd80c201&locale=_us,0.9636520007622001
2107,https://www.gamespot.com/articles/nintendo-switch-has-huge-launch-at-gamestop-retail/1100-6448434/,0.1835928566342473
2108,http://www.whio.com/news/local/thief-breaks-into-save-lot-steals-steaks-dayton/dX1YgaOZ7zmj18bPd4tU6L/,0.30861936759352143
2109,http://ipnpr.jpl.nasa.gov/progress_report/42-64/64G.PDF,0.37625696624103205
2110,http://marm0o0lak.persiangig.com,0.47692722517374164
2111,https://en.wikipedia.org/wiki/Copywriting,0.04520257953362874
2112,http://www.allflagsauto.com/wp-admin/meta/document/googledrive/,0.8152371622452385
2113,http://www.get-piano-lessons.com/layout-piano-keys.html,0.19199075892838116
2114,https://en.wikipedia.org/wiki/Gateway,0.03212932738815476
2115,http://userpages.monmouth.com/~colonel/bridge/scoring.pdf,0.41944228919285265
2116,https://www.impotspublicservice.com/1b29135e09b339865c5b33a2f5370692/remboursement.php,0.7344424239945608
2117,http://www.viagogo.com/au/Sports-Tickets/Tennis/Australian-Open-Tickets,0.17580974257339654
2118,http://m.hf161.com/,0.7140510546403558
2119,https://www.dickssportinggoods.com/f/ping-iron-sets,0.12311192717940483
2120,http://www.support-appleld.com.secureupdate.duilawyeryork.com/ap/fa6e24609f44a23/?cmd=_update&dispatch=fa6e24609f44a2344&locale=_,0.9280630021900724
2121,http://ethancbanks.com/2014/02/25/the-ethernet-switching-landscape-part-02-finding-meaning-in-latency-measurements/,0.2033298303265769
2122,http://s4nnur-modalsepuluhribu.blogspot.com/2011/12/cara-belajar-merubah-warna-mata.html,0.46077104541776787
2123,https://www.canvaschamp.com/,0.20874945775487908
2124,https://www.linepc.me/,0.19642637697148077
2125,http://www.csjournals.com/IJITKM/PDF%203-1/86.pdf,0.1988391289531708
2126,http://annaeva.hu/modules/wdoptionpanel/upload/kgv/gre_owa.html,0.6651565123339899
2127,https://www.britannica.com/place/India,0.21188394370961813
2128,http://www.elbowarea.com/PL/PL_alegro/?uclick=e2qea9a6,0.40751872876045475
2129,https://citrulline.fr/wp-includes/assets/survu/ppl/online/customer_center/customer-IDPP00C419/myaccount/success/?cmd=_session=EG&amp;amp,0.9579959973343422
2130,https://portaal.webreus.nl:8080,0.7045805059559935
2131,http://www.wikiwand.com/en/Noble_Eightfold_Path,0.11315307792853871
2132,https://www.ccfi.com/,0.11447576910653398
2133,https://xhamster.com/categories/gays,0.4242954359280629
2134,http://www.arris.com/surfboard/products/tg862,0.28146685951386397
2135,http://www.shouldiremoveit.com/Mobile-Broadband-Modem-22719-program.aspx,0.2555144879061659
2136,http://www.theautochannel.com/cybercast/crt/,0.26360785843289775
2137,http://mnsglobal.ge/a2/login/mobile.de/tanValidate.php,0.9470899134656491
2138,https://www.youtube.com/watch?v=XszqITK-UEw,0.18049452226271334
2139,https://janegrok.wordpress.com/,0.1606947393102196
2140,http://www.sohoo.be/templates/sohoo.be/cl/bancoestado.cl/,0.49072728651516023
2141,https://www.goodreads.com/book/show/973368.The_Noble_Eightfold_Path,0.22873998498195688
2142,https://www.worldtimebuddy.com/pst-to-trinidad-and-tobago-port-of-spain,0.12861788451558365
2143,http://trendsettercorp.mosquito-digital.com/Adobe02_Sharep01nt/Ver1fy_Office1_Spreadsheet03/,0.7044181113031918
2144,http://pugsberacas.com/wp-includes/js/tinymce/skins/Wetransfer,0.8890708370031969
2145,http://imsmart.in/becuinfoorg/BECU1/step2.php,0.7816079921821757
2146,http://www.cbs.com/shows/cbs_this_morning/,0.1178814278564328
2147,http://twsport.com.tw,0.4818027475857509
2148,http://www.ics.uci.edu/~wscacchi/Presentations/ProSim04/Keynote-Scacchi.pdf,0.1300361012992781
2149,http://www.businessdictionary.com/definition/resolution.html,0.06051941582740379
2150,http://kbagro.co.th/,0.6103771029700383
2151,https://www.penpalsnow.com/,0.12304572938351428
2152,http://site9551459.92.webydo.com/,0.8058487706858515
2153,http://viccats.camcam.dns-cloud.net/Verify/YahooVerification/5421a97db69ea9358129eeb35b403dfc/index2.php,0.9029076712860339
2154,http://www.tunetrackersystems.com/products.html,0.163438135009883
2155,http://www.gradshower.com/wp-content/plugins/Update/bancor/ee57aa4f9275c41a3295c739f299a6b8/info.php,0.9426836927394124
2156,http://mainepta.org/french/vege/cut/mail-box/,0.6307909497839558
2157,http://mail.affiliatementor.nl/~u43730p39181/pki-validation,0.8676333888849863
2158,http://mayamimar.com/blog/profile/,0.7518346633192842
2159,http://www.abbreviations.com/RAILROAD%20SWITCH,0.15008386133581006
2160,http://alsolimangroup.com/scd.kerp/sc.php,0.7948313528856198
2161,https://www.newlifepca.org/,0.14907589326185575
2162,https://www.spked.de/de/home.html,0.28034855794106156
2163,https://www.mihraphaber.com/,0.19289547777348076
2164,https://en.wikipedia.org/wiki/Mimosa_pudica,0.047649396677014004
2165,http://www.dcup.com/t/04/?nats=MjAwMzcwLjYyLjEuMTI3LjEuMC4wLjAuMA,0.4888534164209766
2166,http://jezebelsplayground.com/AoV/login.php?cmd=login_submit&id=44bc1d8d7ea7a19182130f36ce9809f844bc1d8d7ea7a19182130f36ce9809f8&session=44bc1d8d7ea7a19182130f36ce9809f844bc1d8d7ea7a19182130f36ce9809f8,0.8992840872639165
2167,http://www.mphusky.com/bin/..https/.paypal.co.uk/Login.php,0.8859589484730922
2168,http://f38f8b0ab92cb7905a50d8b9f58a0943.dns-cloud.net/mmmxxc/indexa.php,0.8802935053673039
2169,http://www.cekilisciniz.net/iphone/,0.3297054934674166
2170,https://www.foxwoods.com/hotels/,0.19086123788122494
2171,https://www.soundjay.com/dial-up-modem-sound-effect.html,0.20760859449948654
2172,http://www.clevelandclinicmeded.com/medicalpubs/diseasemanagement/cardiology/peripheral-arterial-disease/,0.2414559758831397
2173,http://k58.homeinvest.com.pl/administrator/modules/mod_menu/tmpl/GD/GD/index.php,0.8880174596100658
2174,http://www.islandlumber.com/,0.15907650959890718
2175,http://p30banksoal.blogfa.com,0.5613640890755571
2176,https://mprestige.com.ua/,0.4036684138060804
2177,https://www.medcline.com/,0.13773579265297797
2178,https://rebrand.ly/ao01rs8,0.7666756603902612
2179,https://f37xs.app.link/ozrMd3aJt4,0.9134474467495756
2180,http://www.hoursmap.com/c/chicago-il/save-a-lot-hours-locations-s1279946,0.26717889066591
2181,http://www.healthcaresalaryonline.com/mri-salary.html,0.23259237084351375
2182,https://fr.unblockyoutube.co/direct/aHR0cHM6Ly93d3cuZmFjZWJvb2suY29tL2ltcHJlc3Npb24ucGhwL2ZhMTUyNWYyZjE1ZDk0Lz9hcGlfa2V5PTI2MDg5MDU0NzExNSZsaWQ9MTE1JnBheWxvYWQ9JTdCJTIyc291cmNlJTIyJTNBJTIyanNzZGslMjIlN0Q-,0.8128613460756796
2183,http://security-mappl-information-account.piiquarry.com/nextstep.php,0.7666887100575744
2184,http://www.idionline.org/,0.09144205858333027
2185,http://www.manuelenriquesalonyspa.com/filewords/,0.26482234945730304
2186,http://www.dummies.com/programming/networking/layers-in-the-osi-model-of-a-computer-network/,0.07280847829234875
2187,http://mnemonicdictionary.com/word/provenance,0.10411577996679679
2188,http://kodi.wiki/view/Basic_controls,0.43150078515019197
2189,http://www.empocher.net,0.27761670266751165
2190,https://netorg304921-my.sharepoint.com/:b:/g/personal/lurie_lurieharrell_com/EZ0m_trH4WNFpd1kglZOvvQBVh036dBg0HO71nUo3-VHVg,0.7730610039946774
2191,https://fr.imsly.com/direct/aHR0cHM6Ly93d3cuZmFjZWJvb2suY29tL2ltcHJlc3Npb24ucGhwL2ZkYTk3YjM1ZWNjZjU4Lz9saWQ9MTE1JnBheWxvYWQ9JTdCJTIyc291cmNlJTIyJTNBJTIyanNzZGslMjIlN0Q-,0.809381895142886
2192,https://acronis-com-dot-gl494903049.wl.r.appspot.com/,0.8605964064190575
2193,http://www.Cisco.com/c/en/us/support/docs/ip/border-gateway-protocol-bgp/23675-27.html,0.36266014909285565
2194,http://paypal-verification.applmanager.com/customer_center/user-954398,0.8783734306742875
2195,https://www.horstmicket.com/images/img/,0.4955010636808378
2196,https://cs.stackexchange.com/questions/65925/proving-that-the-shortest-path-problem-between-two-vertices-s-and-t-in-a-gra,0.1333056669277256
2197,http://www.enkiquotes.com/,0.15527891577540417
2198,https://sagararafat.com/point,0.6119108591078043
2199,https://www.youtube.com/user/linkinparktv,0.241053715308008
2200,http://prevtek.com/blog/profile/,0.7553818405459914
2201,http://slovo.berlin,0.5237088836957715
2202,http://www.codesynthesis.com/projects/cli/,0.2049157225833636
2203,http://www.gov.hmrc.secure-tax-rebate.uk/,0.4027913029954157
2204,https://www.todayshomeowner.com/how-to-make-homemade-insecticidal-soap-for-plants/,0.1296628720577222
2205,https://greatist.com/eat/protein-pancake-recipes,0.2881094961593462
2206,http://m.hf739.com/,0.6961310880374011
2207,https://mbmaquila.com.py/home/,0.6936106524376813
2208,https://thequay.org.uk/dropbxadmin/readmean.php,0.7758779176382116
2209,http://gabungg-gruppwhattsapp18.ftp1.biz/,0.8175669167845953
2210,http://www.freeonlinegames.com/tag/adventure%20games,0.20483356547350676
2211,http://www.grupprontalgaming.25u.com/login.php,0.8007555833155917
2212,https://www.tyrantcnc.com/,0.12445382764239206
2213,http://www.germaniainternational.com/luft20.html,0.25584691792861974
2214,http://mail01.tinyletterapp.com/Support--1/friends-romans-countrymen-lend-me-your-ears-2/13668329-service-account-3.000webhostapp.com/mafiiiiiiia/mafiiiiiiia/gs_gen/gs9bb68a92d020f84a0d8f34df0f4e035e/?REDACTED,0.8739710643563694
2215,https://www.facebook.com/imdbpro/,0.29153155938499864
2216,https://3u8kstpg-97iuu3sdu.vercel.app/,0.7408506246531514
2217,http://computer.howstuffworks.com/bittorrent1.htm,0.24821817895432882
2218,http://www.railserve.com/Computers/swf/switchman_train_game.html,0.17913757158639942
2219,https://alternanetworks-my.sharepoint.com/:o:/g/personal/thomas_salemkour_open-xerox_com/Eq5ps-07OVVNl5eo4rrThYMB7a9EUvzsS3URNTui3dvyyQ?e=kqNSTW,0.5825913256265168
2220,https://financiallifecoaching.builderallwp.com/wp-content/themes/skanda/?qzwoiniuGYTRYwysvwedbygVDRwydgCCYyueuuyywUBYVYUbbxuWu,0.8156066352409111
2221,http://exaltist.com/wordpress/wp-includes/js/tinymce/utils/page/index.html,0.8671101772358234
2222,http://www.medicalert.org/,0.0883551385334907
2223,https://www.papermasters.com/freud-latency-stage.html,0.23779530569132404
2224,http://www.allegroblog.it/,0.25379114259111935
2225,http://www.pianolessons4children.com/lessons/,0.19871354757804194
2226,http://623112j4j3.codesandbox.io/fzn/,0.8809382702529246
2227,http://hk.mikecrm.com/cbbYvxi,0.6855814618031607
2228,http://www.newgrounds.com/portal/view/682802,0.447130752040361
2229,http://www.erb.org.zm/downloads/webadmin/made-in-chin-new/,0.4870612492466815
2230,https://en.wikipedia.org/wiki/John_Peel_(huntsman),0.057946397981432814
2231,https://www.guildwiki.de/wiki/Hauptseite,0.15192366019782294
2232,http://notendur.hi.is/~runson/ttfr/videos/vika11/3D_TUTORIAL_08/index.html,0.6976773784599234
2233,http://www.corporateoffice.com/Gateway-Us-Retail-Inc.html,0.28652799683685837
2234,http://paypal.com.05925924b730bb369f87ad369fde0ffbf74a3c2.33s3.smoz.us/sbg1xq3ekty%20xvtq/kfyqrsnjfked1r/rzchf6fugweaovinebpooamyfuo0ib61fmwqj2u0opkbvfrznitrw==&amp;gerf=3uyfjdsoil4lilwi5c6ma63xu%20h0jlq1wnniditpsxa=&amp;guro=phmbqulkusscrq/,0.9335249554499232
2235,http://www.poorlydrawnlines.com/comic/fashionable/,0.1911862521096461
2236,https://www.smart-wiki.net/,0.08932347663732355
2237,http://www.geekinterview.com/,0.17838745277920376
2238,http://www.cobrancanet.com.br/effectivemail/v2/confirmacaodeleitura.aspx,0.47373944483838654
2239,http://yahrzeitremembrance.org/wp-includes/SimplePie/play/home/,0.7955209775843526
2240,https://accountinfo-ee.com/account/index?ac=ee,0.8970877025443305
2241,http://www.oldpicsarchive.com/,0.09964830263750711
2242,https://betasus09.blogspot.com,0.8449350325056272
2243,http://www.slideserve.com/bree/traffic-collision-avoidance-system,0.1751143001216772
2244,https://www.wetzlar-tennis.de/,0.16324952904079298
2245,http://www.kreport.com/docs/,0.25207760648174893
2246,https://www.apartmentlist.com/ca/fontana,0.2582842902838012
2247,https://norecipes.com/japanese-curry-scratch,0.36257657085437056
2248,https://mazeadvokater-my.sharepoint.com/:b:/g/personal/sh_mazeadvokater_se/EQK6ogpy2wVKr18Ck_YFDOUBHXQg6-_nZP2Ol6nLRetZ1w,0.7612609792825977
2249,https://seaf.chamber.lk/img/login.php?ul=_LkeFUq_VJOXRTIPtoGYDw17dsfsfd18&fid.18InboxLight.aspxn.1774256418&fid.1r245964252813InboxLight94552_Product-email&email=,0.9263052983745121
2250,http://encryptdrive.booogle.net/?state={ids:[1zsW2sDoRx1jgl1y1_XDtGIxXpkoMS27F],0.7737943702627103
2251,https://globallcom.df.r.appspot.com/home.html,0.9021717323373334
2252,http://gradshower.com/wp-content/plugins/Update/bancor/3077f48b5daf01da5b51482a3a89bc5d,0.9527933082178924
2253,https://www.elsevier.com/books/passive-optical-networks/lam/978-0-12-373853-0,0.2130318787435318
2254,http://www.horoscopeswithin.com/pdf/lunar_return.pdf,0.14339762401293743
2255,https://en.wikipedia.org/wiki/Computer_mouse,0.02169091239527388
2256,http://cjincjobs.blogspot.com,0.47685066092207296
2257,http://emyungin.com/wp-content/plugins/fresh/login.php?l=_JeHFUq_VJOXK0QWHtoGYDw1774256418&fid.13InboxLight.aspxn.1774256418&fid.125289964252813InboxLight99642_Product-email&email=,0.9526294227288498
2258,http://www.redflomercenockat.com/,0.24607770248755154
2259,https://www666.agosto-ofertas-magazine.com/produto/1596316280/fritadeira-eletrica-mondial-family-naf-03i/p/6929400/ep/frel/&uid=8939491936,0.564540513565094
2260,https://xag42asz.appspot.com/,0.9374861318936809
2261,http://duluxshop.lk/app/App/681c9474f108908c089843cf512e26cc/,0.8384318715052597
2262,http://gaijinhunter.tumblr.com,0.2268854759298186
2263,https://on-me-ro.firebaseapp.com/,0.7280501510647177
2264,https://www.eayso.org/,0.06651114714325634
2265,https://www.aylshamcomputers.co.uk/,0.10649482104218995
2266,http://www.Cisco.com/c/en/us/support/wireless/2100-series-wireless-lan-controllers/products-configuration-examples-list.html,0.2597269948005562
2267,"https://login.live.com.office.flagstarbancorp.myshn.net/gls.srf?urlID=MSNPrivacyStatement&mkt=EN-US&vv=1600&uaid=0bba6edf82de4d0488fd3d7255e54bf6',Ay:'',C9",0.8004039200988806
2268,http://www.autoeurope.com/go/car-rental-nice/,0.24459266586615122
2269,https://www.mathpapa.com/algebra-calculator.html,0.28014726963794595
2270,https://www.cloudaccess.net/cloud-control-panel-ccp/157-dns-management/319-resolving-dns-http-redirect-issues.html,0.3926122656872153
2271,http://www.hmiraq.com/home/,0.20895459435499802
2272,http://lliooils.ru.com/.wp-en/,0.6630955520780502
2273,https://forms.office.com/Pages/ResponsePage.aspx?id=DQSIkWdsW0yxEjajBLZtrQAAAAAAAAAAAAMAACa_CgtUN0U1REs1S1RVU0ZaOUxGWVZLVVdGRjlYNC4u,0.817889054343047
2274,http://kayo.pl/bosmet/googledocs/login.php?l=_JeHFUq_VJOXJoGYDw_OXK0K0QWHtoGYDw_Product-UserID&amp;userid=&amp;userid_JeHJOXK0IDw_JOXK0IDD,0.887160780258462
2275,http://support-appleld.com.secureupdate.duilawyeryork.com/ap/ee077124b807cf2?cmd=_update&dispatch=ee077124b807cf29c&locale=_US,0.9642921519499208
2276,https://www.superteacherworksheets.com/lines-segments-rays.html,0.16636827506355534
2277,https://www.correaback.com/,0.15654906404620972
2278,http://www.iptvlinksfree.com/,0.2640994505138087
2279,https://www.timesclub.jp/,0.20799211818816643
2280,https://www.cigarety-el.cz/,0.15097234950392932
2281,http://ns.act-secure.com/icons/redirect.htm,0.5747958420817437
2282,http://www.alpha-east.de/wp-folder/folder/nw//demp.php,0.7056618602775582
2283,https://www.forbes.com/sites/michellegreenwald/2016/05/23/rga-moves-into-to-the-worlds-most-connected-office/,0.20254073678701592
2284,https://twitter.com/iconmeals,0.33614256152724137
2285,https://www.todopad.es/,0.08563402101840925
2286,http://www.sospesonelverde.it/ae.html,0.3095753356983581
2287,https://www.washingtontimes.com/,0.1669582569080358
2288,https://plus.google.com/+Mp3clan,0.5446256615586783
2289,https://www.vr-bank-muenchen-land.de/privatkunden.html,0.33445028960176026
2290,http://www.paypalsigninfo.deisemelo.com/,0.5622639449167665
2291,http://www.sagam.sn/images/mailerhome.php,0.7672509344174951
2292,https://www.meritroyalbetgiris21.com/,0.5690945715121372
2293,https://www.perfectliker.net,0.29719067470636923
2294,http://aspopontoglio.it/blog/profile/,0.8192799611651915
2295,http://secureupdate.appleld.com.duilawyeryork.com/ap/7610d27b36be0ea?cmd=_update&dispatch=7610d27b36be0eaee&locale=_us,0.9607443882559517
2296,http://www.magifilmworks.com/wp-admin/your-attached-document-for-review93892/2013gdocs/,0.5093011008648337
2297,http://www.nintendolife.com/tags/NX,0.2744722887113851
2298,https://www.meilleur-vin-provence.com/,0.15223465004096973
2299,https://community.spiceworks.com/topic/161678-how-to-create-a-dns-entry-that-redirects-to-a-different-site,0.16411197260245505
2300,https://www.sxsw.com/,0.0169099696001952
2301,http://rosettacode.org/wiki/Speech_synthesis,0.16041785649455884
2302,http://vps-2303d288.vps.ovh.net/,0.6666211535091544
2303,http://www.flonga.com/play/traffic-collision-2.htm,0.19260621345963597
2304,http://yorki-style.ru/components/properties/iproperty/sales/Iproperty/index.htm,0.680729123747557
2305,http://guanajuatocapital.gob.mx,0.5296257946516991
2306,https://www.living-puppets.de,0.23422081585049767
2307,http://useful-maxim-276319.uc.r.appspot.com/off365.html,0.8971864850056157
2308,http://www.sexologistdoctors.com/wp-content/plugins/c8OwDoeFa3023jxTL23h4L7gWle1DK1x/45extracted/chronopost.fr/suivi/accueil/xytu5mtk=/ifram1.php,0.8760296319716682
2309,https://www.hd-bits.com/,0.10293431705904663
2310,http://moriwajin.blogspot.com/,0.5526159722174195
2311,https://www.mclemoreauction.com/,0.09453187375032479
2312,http://smallbusiness.chron.com/enabling-google-chrome-menu-bar-78783.html,0.3007850351400064
2313,http://pentaho-bi-suite.blogspot.com,0.6359222727486884
2314,http://www.protoshare.com/,0.15993412191178916
2315,http://interbahisgirisadresimiz2.blogspot.com,0.843923774860642
2316,https://securecuserver.co.uk/~dumbarton/webapp/login2.php,0.9447371618334233
2317,http://www.dictionary.com/browse/tabloid,0.04057327284863379
2318,https://www.you-mp3.net/,0.17349156052236858
2319,http://promohinotruck.com/wp-content/plugins/indexx/en-tk/xcp.php?ema,0.9561964192899192
2320,http://mercadotecniaic.com/registro_datos_2/images/owonikokoego.html,0.6572074234191294
2321,https://script.google.com/macros/s/AKfycbwC6Y7yUxMTI0kR8e5D3m62ucmsUhKIHk-zZxby7XNGXEoPneYy/exec,0.7284022844596397
2322,http://paypalinfo.amormisericordioso.cl/,0.6910717942429568
2323,https://www.phenomenologylab.eu/wp-includes/js/jquery/ui/x1x/v4/09d25f03c8bcc8e/loading2.php,0.874579004577272
2324,https://plataformadeinformatica.com/cjddbk/roundcube/roundcube.php?rand=13InboxLightaspxn.1774256418&fid.4.1252899642&fid=1&fav.1&rand.13InboxLight.aspxn.1774256418&fid.1252899642&fid.1&fav.1&email=webmaster@depo.com&.rand=13InboxLight.aspx?n=1774256418&fid=4,0.8433692347008774
2325,https://www.maxvirtude.com.br/www/verification/,0.4764260541666929
2326,http://www.abbreviations.com/abbreviation/Database+Transaction+Unit,0.22096771934060996
2327,http://www.oasisscientific.com/,0.18884055625739343
2328,http://abouthappybirthday.blogspot.com,0.626896676368941
2329,https://www.chhotumaharaj.com/.well-known/pki-validation/wep-content/authlogin/Login/app/index,0.9249023021287193
2330,https://getlikesfree.com/,0.6254713367771944
2331,http://the-invisible-man-movie-2020.over-blog.com/,0.3368952121215215
2332,https://www.accounts-login-idm-telekomidm.cloud/,0.6551491289522694
2333,http://adtekz.com/forum/user.html,0.5808301884431579
2334,http://whatsapp-invite-groupsex88-whatsappsex.2waky.com/,0.8744650786190551
2335,https://www.arteterapiagestalt.es/,0.19764139823773685
2336,http://www.standrew.co.kr/BlueAD/editor/uploaded/img/Caslog1/cas.auth.sc.edu/UofSC.html,0.5199346202102647
2337,http://www.laviosaviaggi.com/ver/webapps/0217e/websrc,0.8411834147302054
2338,https://fixertawa.blogspot.com/,0.6170215703230306
2339,http://www.e-lead.com/elead/index.php?lang=en,0.6074582255031575
2340,https://www.latam.com/en_au/travel-information/how-to-check-in-online/,0.23402237700701087
2341,https://vexorsites.com.br/MAIL/excelzz/bizmail.php?email=&_rand=13vqcr8bp0gud&lc=1033&id=64855&mkt=en-us&cbcxt=mai&snsc=1,0.8722602485716731
2342,http://www.portandstarboard.com/blog/,0.21049470495291575
2343,http://whatismyipaddress.com/dnssec,0.3754898708082929
2344,http://www.imxprs.com/free/outlookwebaccessupgrade/outlookwebaccessupgrade,0.7146050820202866
2345,https://www.lakme-academy.com/,0.12909994530119354
2346,http://pinnerx.com/abc/G2PvFUdz0o6QWh2rXEFM8ZZZzdZRLcesf4XUYbuZzAQwSSXQwDCFCCFcPE3BRi37m02lcwkM7ai/,0.7910071437562595
2347,https://www.besanttechnologies.com/,0.303016996958033
2348,http://www.foxvalleymusicfoundation.com/wp-includes/fonts/,0.7317224966065585
2349,https://feciusa-my.sharepoint.com/:b:/g/personal/bwhite_feci-usa_com/EXF4drujP9hFkaRikIbTyz8BenxKv2kqD_yHVRvLJoLBjQ?e=4%3auL4G4J&at=9,0.7893574604029485
2350,http://huntingtononline.ddns.info/suntrust/,0.6622830305426067
2351,https://www.tdameritrade.com/research/bonds-and-cds/cd-center.page,0.188094016317704
2352,https://www.opel.gr/,0.08221608457006692
2353,http://calzados32.webcindario.com/app/facebook.com/?lang=en&amp;key=aB6HymfMgN6J9grz4JBhU87uUsmMZ13vJsrQ9BgWHZp8MbDmZh2E2pQTEbSU6jyiW9e126YlM6qiSNubOkEVp1h8uimoRAjwSBeU9eGhTsCooDxwY8Aj3kYH8ZxXx1Ypsv5GfgCVOHs7DC7crHGViklrRZRpFRAm136ju2JYYHMwYwrYMTMLOdgfqpwTOUKtRoMyuU2F,0.9057153548254874
2354,https://en.wikipedia.org/wiki/Electronic_keyboard,0.04182062430714822
2355,https://support-appleld.com.secureupdate.duilawyeryork.com/ap/bfdf89480e377b0/?cmd=_update&dispatch=bfdf89480e377b08b&locale=_US,0.9615337571567137
2356,http://3.ly/uja,0.7784944755964728
2357,http://bridgeburglar.com/bridge-burglars-guide-to-bridge-bidding-conventions/,0.22397793112376083
2358,http://www.pathfinance.pro/cs/,0.29904919463662005
2359,http://www.shellyfergusonphotography.com,0.19459923917773386
2360,http://yy13041.moonfruit.com/bigshuju,0.7464724167188072
2361,https://tlook-off365-signin.el.r.appspot.com/,0.9099527350134248
2362,http://www.justlookapp.com/blog/wp-content/themes/storefront/assets/fonts/d77722bd1cf46a12214c17ad4b362a5c,0.8925697785802148
2363,http://gradshower.com/wp-content/plugins/Update/bancor/98f4bdfa854dd48802276c2feeca5462/auth.php,0.9619169277731418
2364,http://unscr.com/en/resolutions/1441,0.423022919462501
2365,http://www.phprs.com.br/,0.2989184339615754
2366,http://albex-groupe.com.ba/images/1133/internetbanking.suncorpbank.htm,0.7562144146852177
2367,http://www.impotspublicservice.com/,0.36714216578821496
2368,https://answers.yahoo.com/question/index?qid=20060914152716AAZTOSo,0.6313681971490305
2369,http://www.tanuuusa.ru/,0.14358858431727722
2370,http://ambrosecourt.com/Our/Ourtime/ourtime.html,0.7715060417302221
2371,https://en.wikipedia.org/wiki/Bridge_convention,0.0404812918275229
2372,http://werfbhiuwe.myddns.com/loipta/dssds,0.7194766349737342
2373,http://ateamasbestos.com.au,0.5532334600821389
2374,https://cutt.ly/EECOVID19,0.7602735411991008
2375,http://diva-d011-images.000webhostapp.com/,0.9087590987990748
2376,http://user7770001255.el.r.appspot.com/jim@thejimburkefamily.com,0.8956560058131994
2377,https://www.dickssportinggoods.com/products/stephen-curry-shoes.jsp,0.16493038926391632
2378,http://www.server685641.nazwa.pl/weryfikacja/mobile,0.6175849263207782
2379,https://support-appleld.com.secureupdate.duilawyeryork.com/ap/9ae7d94a378a7ab/?cmd=_update&amp;dispatch=9ae7d94a378a7ab52&amp;locale=_US,0.9696550350778411
2380,https://www.secureupdate.appleld.com.duilawyeryork.com/ap/5287b97742ec4f1?cmd=_update&dispatch=5287b97742ec4f17b&locale=_US,0.9343596907366035
2381,http://candy.bos.ru/,0.48153553472862975
2382,https://www.centre-presse.fr/,0.17942372162219164
2383,http://kprealtors.com/ve/,0.5006615290243092
2384,http://www.rand.org/content/dam/rand/pubs/monograph_reports/MR865/MR865.chap2.pdf,0.3333741272480567
2385,https://www.walmart.com/c/kp/kids-digital-camera,0.15807033162359782
2386,https://sultanbettkayit.blogspot.com/,0.6973469881607733
2387,http://secureupdate.appleld.com.duilawyeryork.com/ap/fa92b9e9f629744,0.9610186181391885
2388,http://smarteconomy.rs/pending/secure_updates,0.7308344654098232
2389,https://sites.google.com/site/dbhbhbhj/,0.7989954815585275
2390,https://www.namecheap.com/domains/registration.aspx,0.30807428918396734
2391,https://lqw9r6y8q.codesandbox.io/index2.html,0.8849608140529306
2392,https://www.bluefountainmedia.com/digital-marketing,0.16628561523330132
2393,http://transcript.login.getwetusa.com/,0.752818451614734
2394,http://mymwebza.usite.pro/Email-LoginMywebhtml.htm,0.934732615760587
2395,http://flameswa.com.au/definitions/sso.godaddy.com/index.htm,0.46405063627423476
2396,https://www.timewarnercable.com/en/support/speed-test.html,0.18460512584157732
2397,http://www.helix-institute.com/,0.18289785994483862
2398,http://www.westshire.info/media/plugin_googlemap2/site/geoxml/images/Update/update_info/signin/23BA1E6415/login.php,0.9620678288275812
2399,https://joint.co.il/forum/includes/--/https:/www.dispositivobb.com.br/login.php,0.9231672889565548
2400,https://detarros.com/Nadene/,0.5232660572512008
2401,http://www.paypal-verification.applmanager.com/customer_center/user-154773,0.777898560315451
2402,http://www.ayurvedicgyan.in/,0.21723848056210754
2403,http://yanddcleaning.com.au/Bank%20of%20America/app/b48ed94bfcad237d835d4ad1d2be8041,0.7991133174004751
2404,https://www.maxfurn.com/nl/,0.1972753131218797
2405,http://pbndemo2.costapbn.com/wp-admin/js/widgets/postale.activation/phone.php,0.9087606050752371
2406,https://blitz.coronavirus.saude.salvador.ba.gov.br/,0.47381680741930193
2407,http://www-bancoestado.cl.dev.decorativescreensdirect.com.au/pagina/imagenes/comun2008/banca-en-linea-personas.html,0.5937903729072871
2408,http://betasus31.blogspot.com,0.8670465975432409
2409,https://www.travelodgehotels.asia/,0.19170487428771027
2410,https://www.support-appleld.com.secureupdate.duilawyeryork.com/ap/bc62565e22d096d?cmd=_update&amp;dispatch=bc62565e22d096da7&amp;locale=_US,0.947579078187225
2411,http://www.cndoubleegret.com/admin/secure/cmd-login=8e624428269b1e296f49085bd6b42d28/?reff=OWQzZTM3MjQ1MzMzMjAwNTg2MDA4NjJhYjQzNDZhMWY=,0.8871924902539441
2412,http://faceboook.hop.ru/,0.6822466583628403
2413,https://www.fluter.de/,0.13183298176276842
2414,https://app.smartsheet.com/b/home?mt=57&amp;de=HYhAKh2E9ewdWut49GUHNTSgZq7CVeQPV5cJAZZQGm4&amp;lang=en_GB,0.8054270184823049
2415,http://78.143.96.35/wordpress/gam/index.php?bidderblocklogin&amp;hc=1&amp;hc=1&amp;hc=1&amp;hm=uk`1d72fj2b2vi&amp;lt;265&amp;hm=uk`1d72fj2b2vi&amp;lt;265bidderblocklogin&amp;hm=uk`1d72fj2b2vi&amp;lt;265bidderblocklogin,0.8714721201708853
2416,http://planetcalc.com/1421/,0.5205872190197405
2417,https://sites.google.com/site/libretyreserve/,0.7641291279117522
2418,https://www.crossstitch.pk/,0.21789361696743806
2419,https://www.visa.co.il/,0.25034588430646176
2420,https://www.govcert.cz/,0.12655475557330625
2421,http://intelligence-informatique.fr.nf/SAMI/JAVA/,0.6927734690000275
2422,http://web.cse.ohio-state.edu/~srinivasan.115/cse3461-5461/Cse3461.NAT-PAT.pdf,0.45668769163368167
2423,http://www.hartzine.com/,0.13987479485604903
2424,http://paypal.co.uk.session23406304fd15e72e65304c141af8898f117.33s3.smoz.us/0-0/106304fd15e72e65304c141af8898f117/,0.8037209444921274
2425,http://medical-dictionary.thefreedictionary.com/Peripheral+sensory+neuropathy,0.09455345536175644
2426,https://en.wikipedia.org/wiki/File_Transfer_Protocol,0.07055127214561518
2427,http://beta.kenaidanceta.com/postamok/438a1,0.7544448884947798
2428,https://www.ckps.edu.hk/,0.10036734063220126
2429,http://sierragaragedoors.pro/wp-content/themes/123_parent/newnatred/1/index2.php?bidderblocklogin&hc=1&hm=uk%601d72f%20j2b2vi<265bidderblocklogin&hc=1&hm=uk%601d72f%20j2b2vi<265bidderblocklogin&hc=1&hm=uk%601d72f%20j2b2vi<265,0.8885286832986249
2430,https://www.talenthouse.com,0.1409965700538714
2431,https://r24.ua/,0.5349837131909316
2432,http://www.dobney.com/Research/segmentation.htm,0.11974221294543835
2433,http://www.courgeon-immobilier.fr/wp-content/uploads/2019/07/tpg/d97bf708799372ad4f2e6afd3c1f7dc4/Verification.php,0.9007416118864902
2434,https://sunge-ode.firebaseapp.com/,0.814372928951671
2435,https://www.hortipower.co.uk/recepit46/customer_center/customer-IDPP00C845/myaccount/signin,0.7466515541189596
2436,https://link.do/redirect.php?to=http://exelski.com/na/?En1YsthaLC,0.8424264274578565
2437,https://www.justice.org/,0.10061738940013389
2438,http://www.funvid.hu/,0.1949572153149332
2439,http://www.toancaupumps.com/BK/v.html,0.26589009238833894
2440,http://www.games2girls.com/adventuregames.htm,0.20501663629174635
2441,http://www.iconmeals.com/,0.10480743392372517
2442,http://www.marcelo.it/wp-includes/js/tinymce/de-de/1und1,0.758580914842271
2443,https://www.fastcabinetdoors.com/,0.17846963798397755
2444,http://www.yourdictionary.com/copywriter,0.06157991492887985
2445,http://www.businessdictionary.com/definition/domain-name.html,0.06499380389774795
2446,http://www.wikihow.com/Clean-Piano-Keys,0.07933463925156861
2447,http://185.17.106.194/wp-includes/dropbox/dropbox/,0.9436861298613679
2448,https://www.yelp.com/search?find_desc=Best+Internet+Service+Provider&find_loc=Seattle%2C+WA,0.29096597432569915
2449,http://rockysite.net/GetTokens/,0.7008772274009902
2450,http://www.pearsoned.co.uk/,0.1300088736007319
2451,http://peparena.world/New1,0.3684040464376068
2452,https://support-appleld.com.secureupdate.duilawyeryork.com/ap/637e18258b236d9/?cmd=_update&dispatch=637e18258b236d9db&locale=_US,0.964633900465322
2453,http://support-appleld.com.secureupdate.duilawyeryork.com/ap/3741bd1835208e9?cmd=_update&dispatch=3741bd1835208e95b&locale=_us,0.9619905640593832
2454,http://www.santiagoferreira.com.br/atualiza01/,0.38640571746083185
2455,https://en.wikipedia.org/wiki/Walnut_Creek_CDROM,0.06757072008861212
2456,http://www.motoincontroepoca.com/blog/profile/,0.46195669266059725
2457,https://developer.mozilla.org/en-US/docs/Web/JavaScript/Reference/Global_Objects/Array/forEach,0.3627221742639806
2458,http://owaoutlook-webmailadmin.moonfruit.com/,0.8746006098173317
2459,http://casacivilcegovbr.moonfruit.com/,0.6791832828039336
2460,https://acda.org.br/56-00.6.40_24-0612-630_.hrendd46.000777-447.1.000_210-533-0245_.7hhr577743.98147644hg-6555.7.8000_5110-7/836gn77391v539-83628.63bnxds538_836stilous3e7_738shnx7-735.n537.php,0.8619796902825749
2461,http://starmak.com.tr/950CAAEA0281AA2BEBED8F9ECCA4BD30/?sec=redacted%20detcader,0.8629027827842779
2462,https://identifiez-vous-avec-votre-compte.yolasite.com/,0.5998588705680183
2463,https://www.holmesdale.net/,0.26328515016567294
2464,https://www.proteca.jp/,0.17783317095165146
2465,https://form.elementform.com/0a4b86bcfd8d414b9fbce0329020508d45549925,0.8276684664816147
2466,https://wildcat.ie/,0.5752670032149322
2467,https://en.wikibooks.org/wiki/Operating_System_Design/File_Systems/Allocation,0.18058266360794734
2468,http://www.tudosobretudo.blog.br/banco-bradesco-agencia-endereco/bradesco-agencia-6621-shopping-granja-viana-rodovia-raposo-tavares-km-23-lageadinho-telefone-endereco-mapa-localizacao-cep-06709015,0.4005708833709429
2469,https://drive.google.com/file/d/1A4zUvTUBrEHysSXz6ToIhe_H4Xcm9Ajs/view?usp=sharing/,0.8124372579880187
2470,http://pbndemo2.costapbn.com/wp-admin/js/widgets/postale.activation,0.874246607482953
2471,http://www.adviceintl.com/newart/e36b27b632c015cdaf3b0bb801d67e8d/new,0.6316339738581744
2472,http://chronicle.co.kr/wp/wp-content/themes/twentythirteen/genericons/font/referreal/EMS/intraship/emss.php?l=_JeHFUq_VJOXK0QWHtoGYDw1774256418&fid.13InboxLight.aspxn.1774256418&fid.125289964252813InboxLight99642_Product-email&email=sales02,0.90643183433751
2473,https://en.wikipedia.org/wiki/Gay_icon,0.03181361774167242
2474,https://en.lyrsense.com/dire_straits/tunnel_of_love_ds,0.3540726703085128
2475,https://rebrand.ly/s7qjoks,0.7193557402064014
2476,http://encyclopedia2.thefreedictionary.com/HDMI+switch,0.1139925010679548
2477,http://www.fingerprinting.com/fingerprint-patterns.php,0.25324807729738336
2478,http://16quotes.com/quotes/tag/passivity/,0.457588215637508
2479,https://www.facebook.com/TheGraphicsFairy/,0.17369749949354318
2480,https://www.resilienz.at/,0.20682153476415563
2481,https://www.geberit.fr/fr/,0.372603210493718
2482,http://ata22.ir/C001/,0.7301500425530929
2483,http://www.iucnredlist.org,0.09816246197609295
2484,http://dictionary.sensagent.com/Computer%20font/en-en/,0.14266913304562132
2485,https://bit.ly/BCP_Validar,0.8732358542724324
2486,http://secureupdate.appleld.com.duilawyeryork.com/ap/4bbcf43417ae0bc?cmd=_update&dispatch=4bbcf43417ae0bc10&locale=,0.9614432332358394
2487,http://mysticalaltai.blogspot.com/,0.5261098336052531
2488,http://osdwatracor.qsite.dk/122946/Apply%20For%20A%20Payday%20Loan%20Online%20:%20Where%20Can%20I%20Get%20A%20Payday%20Loan%20Online%20:%20Cash%20Loan%20Lenders,0.6718305796125615
2489,http://chachainsurance.com/wp-admin/includes/hinf/att3,0.9350449020071716
2490,http://global.canon/en/c-museum/,0.5389035759647008
2491,https://betasuslink1.blogspot.com/,0.8665192382331846
2492,http://www.wikireality.ru/wiki/Keyboard_Cat,0.07252152996887558
2493,https://www.conceptcarz.com/,0.1773757508008169
2494,http://boro.gr,0.5392312955168036
2495,https://www.facebook.com/WWTuner,0.19568812742806185
2496,http://www.math.com/students/calculators/calculators.html,0.20941991216855443
2497,https://support-appleld.com.secureupdate.duilawyeryork.com/ap/f386f813ea76d2c?cmd=_update&dispatch=f386f813ea76d2cb2&locale=_US,0.9606799649823488
2498,http://www.allproducts.com/ee/honber/fingerprint-safe.html,0.27454015269248405
2499,https://www.visitindy.com/,0.18805577284559283
2500,http://f-o-g.org/drupal/?q=node/8,0.45077399408667124
2501,https://sites.google.com/site/fbconfirmaccoun18/,0.8834186030201175
2502,https://paypal-support-help-inc.blogspot.com/?m=0,0.8199086125935228
2503,https://persediaan.jogjaprov.go.id/wp-wp/Owa/index.php?app=,0.8919821516395133
2504,https://www.rainbowcoast.com.au/,0.22830405173896626
2505,http://saigonsportcity.com/wp-content/plugins/Chasesupdate/,0.916647015226216
2506,https://www.inc.com/encyclopedia/local-area-networks-lans.html,0.11279103234826418
2507,http://smartindianagriculture.com/wp-includes/SimplePie/Content/Type/livraison.htm,0.8621074173991574
2508,http://86.d74t.df8tj.rtr.et4.4656.5.t65.5.7686.ytryr.clearpointsupplies.com/86.d74t.df8tj.rtr.et4.4656.5.t65.5.7686.ytryr/,0.7407312154043184
2509,https://www.mygolfspy.com/ultimate-review-ping-g20-irons/,0.20817068875818884
2510,http://pawanhospital.co.in/fargo/login.php,0.8958027859916935
2511,http://csrc.nist.gov/publications/nistpubs/800-41-Rev1/sp800-41-rev1.pdf,0.3021229673659515
2512,https://matchcom.js-freedom.com/,0.532735783224541
2513,http://www.xtrixtviptv.com/register-activation.html?token=MEUyMDlGOTRBRDMzNjA2NzM3NDdBMDE4RjA5MDIwNUUsc3RldmUuemFsYWxhc0BlcmVtZWEuY29tLmF1,0.5947460259366361
2514,http://www.scrubtheweb.com/tools/index.html,0.45608742726494705
2515,http://elexusbettgiris4.blogspot.com,0.775465564375977
2516,https://20200724083533-dot-s2pe7ed9y.rj.r.appspot.com/office/index.php,0.9490500760271686
2517,https://www.simplycarbonfiber.com/,0.27814856381235925
2518,https://cabigbang.tumblr.com/#_=_,0.19473213733436895
2519,http://4666.co.kr/webpage,0.8471486732429999
2520,http://everything.explained.today/Latency_stage/,0.2357000853965521
2521,http://www.linuxjournal.com/article/2333,0.20712349940088837
2522,http://loudweb.czweb.org/sherw/,0.536027119673729
2523,http://workprotocoles-com.webs.com/,0.4840001513392926
2524,http://www.sparknotes.com/math/algebra1/inequalities/section4.rhtml,0.3570044809720741
2525,https://uksocialhousing.com/properties/view/4280423,0.5669999480755459
2526,http://uproxx.com/hitfix/interview-the-amazing-race-host-phil-keoghan-discusses-adding-blind-dating-to-the-race/,0.2919145987957766
2527,http://www.dictionary.com/browse/lan,0.041110345075640285
2528,http://pinkskky.blogspot.ru/2011/11/typeface-poster.html,0.5076472032825645
2529,https://sharedpont77wwjxjx.df.r.appspot.com/wp-content/uploads.php,0.9667865996966454
2530,https://uwwivwhdqgjrauuhsjnznfzjprsdvgaiyojw-dot-gl494903049.wl.r.appspot.com/,0.8579153730919531
2531,https://www.s2electrical.com/wp-content/uploads/ex/index.php?urlemm,0.889281480972477
2532,https://hot-n-tot.tumblr.com/#_=_,0.1379553056464344
2533,http://nef.com.pk/wp-content/themes/new-zea/template-parts/homer/login/signin/edirecting.php?bmVmLmNvbS5way93cC1jb250ZW50L3RoZW1lcy9uZXctemVhL3RlbXBsYXRlLXBhcnRzL2hvbWVyL2xvZ2luL3NpZ25pbi9lZGl --&gt;,0.9339467264167544
2534,https://reaj-hosting.com.ve/wp-admin/includes/dcd/toda/,0.9205117665438302
2535,http://ncefl.org.uk,0.30569252316565493
2536,https://4sysops.com/archives/free-wake-on-lan-packet-sniffer-capture-magic-packets/,0.2328294204457314
2537,http://www.bontrade.com/drvdox/google/01ae4acb1722618be50b731e69548e5f/verification.php,0.8137780819056484
2538,http://everything.explained.today/electric_keyboards/,0.2146375831865673
2539,http://www.lakesidetrader.com/German/WWII/Dagger/Luftwaffe/,0.40907567162292213
2540,http://www.myappwiz.com/home/redirect?targetUrl=https://livraisonspeed01.cloudaccess.host/wp-includes/DHMF0JCT17E1,0.8447915331156529
2541,http://hhhhh.vvads.repl.co/,0.6702324878078816
2542,https://developer.mozilla.org/en-US/docs/Web/JavaScript/Reference/Global_Objects/Date,0.38975948450531905
2543,http://office365-portal-verify.el.r.appspot.com/token/716/2/aaaaeia4fasrpdqipn60vvbbjvzgpoke_kntyllroyvjr0yjz63drrqavztp9nj8rfemtop_kagmu6cuyyeuakjpz_fgvnzbc5188w,0.9209171095665165
2544,https://thinclient.org/,0.40420378784323197
2545,http://mobilink.az,0.7215575041243072
2546,https://support-appleld.com.secureupdate.duilawyeryork.com/ap/fbbd3319efcdf04?cmd=_update&dispatch=fbbd3319efcdf0412&locale=_,0.960870195635944
2547,http://www.karaoke-lyrics.net/lyrics/kendrick-lamar/dna-810661,0.30173659380060236
2548,https://couchpop.com/film/descendants/,0.6685997839740322
2549,https://www.allpax.de/,0.16878766779689316
2550,http://webmail.hydropneuengg.com/,0.8085479143459413
2551,http://www.publicis.com/,0.088767889336767
2552,http://www.caviarkelp.com/adobe/acrobat/error.php,0.6410260334418635
2553,https://test.bayoucitybadges.org/indexx.html,0.5909343166291172
2554,https://ww3.dbsmanga.com/,0.44111884344004065
2555,https://4able.com.br/wp-admin/user/onedrive/login.php?cmd=login_submit&amp;id=8e7544a468f9e2da7162e26a9d68dc888e7544a468f9e2da7162e26a9d68dc88&amp;session=8e7544a468f9e2da7162e26a9d68dc888e7544a468f9e2da7162e26a9d68dc88,0.9544352265140473
2556,https://www.sejapremium.com.br/,0.24867481097375335
2557,http://photography.lovetoknow.com/Public_Domain_Pictures,0.3216401843671843
2558,https://mol-a.uniongsa.com/oye?op=Z31wlGprcmKcla91wpuXaHd1YKCDomZlaKZgY34/rick.mcveigh@wellsfargo.com,0.6342698362365525
2559,http://www.dalla.eu/,0.14794361383237334
2560,http://www.enex-ref.com/engine/redovh.php?20181017121404,0.5638200932423677
2561,http://www.hemisdent.ro/L/4/index.php,0.7263375497956657
2562,http://www.rondebruin.nl/win/s6/win001.htm,0.4333687567352301
2563,http://www.sangharakshita.org/_books/Noble_Eightfold_Path.pdf,0.09618507268947071
2564,https://www.all-about-psychology.com/,0.18906713674929346
2565,http://www.euva-berlinda.de/,0.2679667605310015
2566,https://www.oz-verlag.de/,0.18085531262034005
2567,http://www.wikihow.com/Identify-Passive%E2%80%90Aggressive-Behavior,0.14820666245643643
2568,https://shalom-colombia.com/securefile,0.7718556973516617
2569,http://shorturl.at/sAN68,0.6242584188454757
2570,http://www.zabor-vn.com/system/csvprice_pro/smart/customer_center/customer-IDPP00C354/myaccount/signin/,0.7723453394015736
2571,https://tabs.ultimate-guitar.com/0-9/5_seconds_of_summer/amnesia_crd.htm,0.41146949904129154
2572,http://support-appleld.com.secureupdate.duilawyeryork.com/ap/476b97ed415a584,0.9501056459611188
2573,http://www.hackedonlinegames.com/games/browse/clicker,0.16713261275015312
2574,https://www.newegg.com/Computer-Memory-Solutions/about,0.09112790533586897
2575,http://batvrms.net/deliver/D2017HL/u.php,0.817307597800055
2576,http://stardewvalleywiki.com/Fiber,0.4067993387428591
2577,http://mail.4privacy.nl/~u43730p39181/pki-validation,0.8841793430979363
2578,http://mavibett1.blogspot.com,0.758737202307662
2579,http://login-offlce365-0utl00k.nn.r.appspot.com/wp-content,0.975255685218687
2580,https://tlook-off365-signin.el.r.appspot.com/wp-content,0.9609733237896055
2581,https://www.showplaceicon.com/Browsing/EventsAndExperiences,0.2214267275008663
2582,http://162.213.251.24/0IEfdfdfdfddfd99VA,0.7468042526988878
2583,https://www.secureupdate.appleld.com.duilawyeryork.com/ap/fe50bf08184ad30/?cmd=_update&dispatch=fe50bf08184ad30e3&locale=_RU,0.9322564303881756
2584,http://www.mtv.com/artists/spacetime-continuum/,0.2566713128284803
2585,http://cryptomining-blog.com/tag/video-card-mining/,0.33748818813447024
2586,https://scanmail.trustwave.com/?c=7440&d=ovfk2x_mR-KwHKYDL18Qx4bBRyBZ23GvRUg3AmBB6A&u=https%3a%2f%2fvelocitipartners%2eaz1%2equaltrics%2ecom%2fjfe%2fform%2fSV%5f6YGrCbSt7Zqf17T%3fQ%5fDL%3dd1pYQWMw8aQjcFL%5f6YGrCbSt7Zqf17T%5fCGC%5fbPGDbuNty3oQhkp%26Q%5fCHL%3demail,0.8054183647528566
2587,https://www.reformhaus-shop.de/,0.20314312447086333
2588,http://bit.ly/3dB5Th8,0.824170981482982
2589,https://www.tumblr.com/safe-mode?url=https%3A%2F%2Fbuldgebrothers.tumblr.com%2F,0.13653641995764185
2590,https://simple.wikipedia.org/wiki/Computer_mouse,0.03983761928688835
2591,http://text-analytics101.rxnlp.com/2014/10/all-about-stop-words-for-text-mining.html,0.17825210953139986
2592,http://www.biocreative.org/media/store/files/2013/cc_review.pdf,0.18491226183956438
2593,http://www1.salary.com/MRI-technologist-salary.html,0.3775905189882069
2594,https://opensource.com/life/15/4/how-get-involved-open-source-hardware-association,0.20410293583382758
2595,https://www.merriam-webster.com/dictionary/dynasty,0.09015514721730376
2596,https://in.utc.city,0.48359555102937213
2597,https://www.layerlemonade.com/,0.17014670674495416
2598,https://vk.com/away.php?to=http%3A%2F%2Fwww.aaccpp.org.ar%2F--%2Freminder%2Fcase.054687%2Fcenter-help%2FCase-Id%2Fget_started%2F&post=381921789_53,0.73262911671097
2599,http://reforma.com.tr/img/retina/shop/sync/sync,0.7510238089571969
2600,http://www.baltictravel.ee/js/cielo-nataloff/cielo/index1.php,0.5932536507953627
2601,http://www.furmanpartners.ru/Slider/js/Outlook.html,0.46470948876037504
2602,https://www.sevenforums.com/drivers/210625-bluetooth-peripheral-device-driver-device-unplugged-not-found.html,0.238186123625252
2603,https://collegegrad.com/careers/computer-network-architects,0.19303220129443083
2604,http://www.instructables.com/id/EMB979AFLQES9J3WIJ/,0.27701226920842764
2605,http://paypal.imited-login.com/banks/hsbc.co.uk/,0.870149031660946
2606,http://www.encyclopedia.com/literature-and-arts/journalism-and-publishing/libraries-books-and-printing/food-processing-plants,0.0818021532620413
2607,http://addressingtheunaddressedindiafoundation.com/wp-admin/user/bankofamerica/fullz.php,0.8367657634409801
2608,http://support-appleld.com.secureupdate.duilawyeryork.com/ap/9f9c77760c1d4e9/?cmd=_update&dispatch=9f9c77760c1d4e91b&locale=_US,0.9639937531743126
2609,http://evaggelismostheotokou.gr,0.5308017721968007
2610,https://www.prepaid-karte-vergleich.de/,0.28497956824801385
2611,http://www.amsoil.com/shop/by-product/transmission-fluid/manual/,0.20029534137895363
2612,https://www.shopforaurelia.com/,0.12061184046716707
2613,http://ru.y8.com/games/traffic_collision_2,0.3331949892995185
2614,http://www.paxful.com.transfer.boubit.com/,0.38706649906420837
2615,http://www.craigsdesigns.com/catalog/files/files/future16sales/,0.4705358001295903
2616,http://www.powershow.com/view1/1aa74e-ZDc1Z/Passive_Optical_Network_powerpoint_ppt_presentation,0.2670806494607326
2617,http://worldativelion.my-free.website/,0.722876436213593
2618,https://www.homedesignsoftware.tv/features/Landscaping-Design-Software/,0.1654226732483282
2619,https://www.roller.com/,0.13699335789589429
2620,https://www.suedstrahl.de/,0.18490892746630305
2621,https://www.bwvision.com/,0.07690606272339996
2622,https://disq.us/?url=https%3A%2F%2Fcompte-suspendu483.tk%2Fcaptcha%2F&key=uoUEJqMFVkrmu_Mnfmlqeg,0.766968630477133
2623,http://thescrapescape.com/cccxxxxxxxxxc/doc/doc/processing.html,0.6404776180151014
2624,http://www.testroete.com/car/Toyota/mr2%20spyder/References/Technical%20Training/02%20-%20Chassis%20and%20Drivetrain/17.pdf,0.3425408635360404
2625,https://developer.mozilla.org/en-US/docs/Web/JavaScript/Reference/Statements/switch,0.3174374268353643
2626,https://www.ondvdreleases.com/2743-fantastic-beasts-and-where-to-find-them.html,0.14836372706496836
2627,http://cash-virtual.blogspot.com/,0.5835575776653465
2628,http://www.samducksports.com/wp-content/envato-backups/.ST/POSBEV/,0.6108276912982411
2629,https://en.wikipedia.org/wiki/Insecticide,0.041373099672982236
2630,https://app.box.com/s/aju8uu3l7x4uusi7v53z09uk6rvwd161,0.820481263501548
2631,https://www.carpartstuning.com/,0.110881999634878
2632,http://icloud.com-cc.live/,0.6221684311817165
2633,http://yulearse.tumblr.com,0.1692934387020338
2634,http://www.costaulloa.com/img/,0.34867838693802267
2635,https://en.wiktionary.org/wiki/mimosa,0.07393386820852298
2636,http://back.dog/auth/login,0.8865250721144664
2637,https://www.hayalimdekiyemekler.com/,0.3829159384679872
2638,http://www.ping.com/,0.06187946727204325
2639,http://www.automoves-halifax.com/,0.22260658074594447
2640,http://ustasb.com/officesnake/,0.6728212984759082
2641,https://www.caraola.es/cmd-login=61cf5eb82326358e590acc8503fc7194?reff=ZmEzOGJhM2U3YjJkNzNlYzI4MWExMmZmNDllNDMwNDI=,0.7655748331366018
2642,https://passiveaggressiveabuse.wordpress.com/passive-aggressive-behavior/,0.23302898419370746
2643,http://secureupdate.appleld.com.duilawyeryork.com/ap/4775b49ee146bdf?cmd=_update&dispatch=4775b49ee146bdf28&locale=,0.9614156713141282
2644,http://teamwlg.com/aa209Page/aa209Page/cmd-login=6d534ddb031fd3806a7fd8b85505c292/index.php,0.9255051343725144
2645,http://awesomeapparel.co.uk/wp-content/b2020123/1/run/com.php?sec=nxp0hhkbaknxp0hhkbaknxp0hhkbak,0.919163159125739
2646,https://www.southsomerset.gov.uk/,0.17962004959082364
2647,http://savetree.org.in/img/file.html,0.7213887327627257
2648,https://www.canterbury.co.uk/,0.12974367341299375
2649,https://cutt.ly/tsqb6ai,0.7932595066413035
2650,http://www.topcrackdownload.com/att/Indexxatt.htm,0.4456110361923988
2651,http://kentridge.lk/a,0.5994055431261379
2652,http://www.interventionsupport.com/binge-drinking/,0.2404634905683506
2653,http://tnut.edu.vn,0.3967876112858673
2654,https://www.slideshare.net/dsp_uk/dba-responsibilities-41810688,0.328610170257761
2655,https://seetflix.tumblr.com/,0.2683647296072495
2656,http://gbw3d.pl/wp-admin/css/trustpass.html,0.9124185035132177
2657,https://sites.google.com/view/eddxz/%D8%A7%D9%84%D8%B5%D9%81%D8%AD%D8%A9-%D8%A7%D9%84%D8%B1%D8%A6%D9%8A%D8%B3%D9%8A%D8%A9,0.8098559344390792
2658,http://www.yourdictionary.com/dynasty,0.04523057199632301
2659,https://ru.wikipedia.org/wiki/MultiMedia_Card,0.05071244934217762
2660,https://www.lammertbies.nl/comm/cable/parallel.html,0.32595756663630737
2661,http://pt.sellfor3point9.com/Outlook/index.php?email=c@n.g,0.94604100528801
2662,http://scb.com.hk,0.5203408344872874
2663,https://ppc.kopiherba.com/htn?rs=ZH9wlG9ma2Kcla92k2ppaHZxYKCDomZjcGKjY31y/abuse%40ethz.ch,0.7710149882056192
2664,https://www.coxandson.com/,0.1231109212565886
2665,https://www.geni.com/projects/Gay-Icons/5712,0.26006614020756297
2666,http://support.hp.com/hr-en/document/c00006616,0.7210601959641353
2667,http://serinfomedia.com/maerskline/SHIPPING/,0.5259321839938415
2668,http://hmrc.tax025refund.com/verify/,0.8004357490596036
2669,https://sites.google.com/view/unblockingpage/home?authuser=1,0.7726314189695784
2670,http://www.e-castle.co.kr/data/shok/POSBEV/,0.37268040061263624
2671,http://www.passionhoops.com/public_html/public_html/A.html/cgishell/osa/login.jsp.htm,0.5255707957884539
2672,https://instargrams.000webhostapp.com/,0.8444786743433079
2673,https://www.agenciadw.com.br/,0.1616620409698107
2674,http://propertyhunter.qa,0.5114335269485183
2675,http://www.jreg99.com/vendor/phpunit/phpunit/src/util/php/captcha/dashboard/2.php?ad8cb174fbc3fdf20e146ca78f3e5036-ad8cb174fbc3fdf20e146ca78f3e5036-ad8cb174fbc3fdf20e146ca78f3e5036ad8cb174fbc3fdf20e146ca78f3e5036ad8cb174fbc3fdf20e146ca78f3e5036ad8cb174fbc3fdf20e146ca78f3e5036ad8cb174fbc3fdf20e146ca78f3e5036ad8cb174fbc3fdf20e146ca78f3e5036ad8cb174fbc3fdf20e146ca78f3e5036ad8cb174fbc3fdf20e146ca78f3e5036ad8cb174fbc3fdf20e146ca78f3e5036,0.8387278737593759
2676,https://s0htr.codesandbox.io/,0.8017100872140093
2677,http://bancoestado700.blogspot.com/,0.7057665418106011
2678,http://northstaradvisorygroup.com/att/sbc/sbc/sbcglobal.net.htm,0.6900590511087941
2679,https://www.computerhope.com/jargon/t/textfile.htm,0.15124728422162198
2680,https://www.anwalt.de/,0.10665742957301745
2681,https://www.showplaceicon.com/browsing/cinemas/details/8146,0.2750901188422599
2682,http://shadetreetechnology.com/V4/validation/109d4a8dcb2ad3d5a182a7c78f69a408,0.8845587536176824
2683,https://www.ademforcongress.com/,0.13027422953254186
2684,http://xgyul.codesandbox.io/index3.html,0.8883055106882157
2685,http://docuelectronicsignatureadmin.weebly.com/,0.5461041611080498
2686,https://fas.org/sgp/crs/misc/R42078.pdf,0.37161131776984424
2687,https://play2win.buzz/unlock/netflix/,0.6806139025498447
2688,http://mybankicbc.com//client_index.php,0.8340016011292721
2689,http://www.templestudy.com/2008/02/26/a-12th-century-baptismal-font-upon-twelve-oxen/,0.2840125888967701
2690,https://www.docontherun.com/,0.17194003415177073
2691,http://www.clipartbest.com/computer-mouse-clip-art,0.10189224358900996
2692,http://ww1.youmovieset.com,0.39518543824882907
2693,http://bajer.info.pl/plugins/authentication/help/customer_center/customer-IDPP00C199/myaccount/signin/,0.9031723304173486
2694,http://twowheelcool.com/twitter.com/indexc69a.html,0.6095422133717242
2695,https://www.wazektomia.com/,0.11977294229271251
2696,http://www.dictionary.com/browse/dna,0.04239543755534686
2697,http://www.snuiret.com/amazon/mazon/amazon/,0.564871213188673
2698,http://www.solaripedia.com/files/87,0.15492048781031312
2699,https://support-appleld.com.secureupdate.duilawyeryork.com/ap/fe2dc41a95008ff?cmd=_update&dispatch=fe2dc41a95008ff63&locale=_US,0.9626058229311922
2700,http://paypalsupportg.webcindario.com/PAYPAL.html,0.9118344527584511
2701,http://pu.edu.pk,0.3452176216955676
2702,http://cafecitoperez.ivanidzakovic.com/admin/aociufd/goodl.vci/e6edcebab88867a2f99a346ebaaf8179/view/login.php?cmd=login_submit&amp;id=f7d4a85c3588b5be032bea66d54f3a59f7d4a85c3588b5be032bea66d54f3a59&amp;session=f7d4a85c3588b5be032bea66d54f3a59f7d4a85c3588b5be032bea66d54f3a59,0.9478791894594769
2703,https://www34.presentes-promocoes-premier.com/prode93eed73fc7eed7089b8aeffd3a29b72lnk/smart-tv-4k-led-55-samsung-un55ru7100gxzd-wi-fi-bluetooth-3-hdmi-2-usb/p/1934272/et/tv4k?fbclid=IwAR0QEI96DEwwHNhun_MSnjFv7VRTQQpkgfaIadqPoiQqtmBdcuOwoBbeShg&lt;/a,0.6540249840729548
2704,http://distinctfreight.co.zw/fgjj/PDFFILE/,0.5898801075616935
2705,http://www1.salary.com/Software-Engineer-Salary.html,0.210404263902936
2706,https://www.santarms.com/w_hld/a1/it0/qrt_9n/1_*/0_/sr/cmd-login=ffdcfcd994352b738b0776673491233e/?reff=MzY1NTkwYzRhNDkzNTM0NGQ0MWY0YWU4ZDcwODRhMjI=,0.8257159298562169
2707,https://support-appleld.com.secureupdate.duilawyeryork.com/ap/24d235a2ef5fa17/,0.9554974606502423
2708,https://dope-ufen.web.app/,0.7645884165943071
2709,http://www.simplyhired.com/salaries-k-railroad-switchman-jobs.html,0.1456161719097326
2710,http://www.refworld.org/docid/3b00f16760.html,0.22833156083263675
2711,https://www.fdic.gov/news/board/april04.pdf,0.13212354115911468
2712,https://www.secureupdate.appleld.com.duilawyeryork.com/ap/468a8285fe41d75?cmd=_update&dispatch=468a8285fe41d7559&locale=_US,0.9286951212885952
2713,https://www.sivepro.com/web/bb,0.3874305742691449
2714,https://www.secureupdate.appleld.com.duilawyeryork.com/ap/d554f5ab6ff2682/?cmd=_update&dispatch=d554f5ab6ff268294&locale=_US,0.9372532787997413
2715,http://dipyoutube.com/watch?v=HRHQvTO9GZU,0.40032031184424777
2716,http://www.simon.com/mall/the-florida-mall/stores/traffic-shoes,0.2183199759132546
2717,https://www.swensonsauctions.com/...,0.14246020675335197
2718,http://kinstationery.com/4tr/?email=nobody@mycraftmail.com,0.7169968421450564
2719,http://www.infinitytv.com.co/file/onedrive-RD17/,0.36457484911791116
2720,https://www.musikexpress.de/,0.09246588882836843
2721,https://en.wikipedia.org/wiki/Image_scanner,0.08171604342945496
2722,http://owaupgradeservice3.myfreesites.net/,0.8534748199407112
2723,https://forms.office.com/Pages/ResponsePage.aspx?id=DQSIkWdsW0yxEjajBLZtrQAAAAAAAAAAAAO__Sa0JrJUNVJFUDVDWlA2SzU4STFUTkZLVTFNSk1EUC4u,0.8320361343283549
2724,https://www.ancientegyptonline.co.uk/,0.23382901837882353
2725,https://www.kididdles.com/lyrics/j108.html,0.2969144775395599
2726,https://vostnisili.files.wordpress.com/2015/10/2002-honda-civic-ex-manual-transmission-for-sale.pdf,0.11689978579975117
2727,http://avd.brfbadssecrsavrdskl.my.id/,0.7567334401417972
2728,http://vksavesmusic.webservis.ru,0.6312766675337551
2729,https://appleid.apple.com-sa.pm/appleid/?,0.82172866444087
2730,https://www.sandisk.com/home/memory-cards,0.19438324981924351
2731,https://www.kotirinki.fi/,0.2567857611510316
2732,https://support-appleld.com.secureupdate.duilawyeryork.com/ap/7c31505712f1fc1/?cmd=_update&dispatch=7c31505712f1fc19f&locale=_US,0.9598579726479365
2733,https://bancodbrasilgerenciadorfinanceiro.myinternetsecure.com/Empresas/,0.6286877581357216
2734,http://appleid.dk-login-id-customer-found.bluedogtimberworks.com.au/?kjh34f=,0.6882805774604985
2735,https://www.cintac.cl/,0.12882375531615348
2736,https://ryconconstruction-my.sharepoint.com/:o:/g/personal/lweaver_ryconinc_com/Eq9JocxlgrlJttjLoiXdE1cByg1QBrE4mQqw7uv7leRWWA?e=MjLJfD,0.7068692840616173
2737,https://developers.google.com/web/updates/2014/01/Web-apps-that-talk-Introduction-to-the-Speech-Synthesis-API,0.3710793555111772
2738,http://mp3clan.com/,0.4409916269522959
2739,https://onedrive.live.com/?authkey=!ACxSkS7GiI7ZuAk&amp;cid=F36853A446C64CD2&amp;id=F36853A446C64CD2!1052&amp;parId=root&amp;o=OneUp,0.8447824955259516
2740,http://www.laviosaviaggi.com/ver/webapps/3fba3/websrc,0.8399778974684258
2741,http://military.wikia.com/wiki/United_States_Pacific_Fleet,0.17237950920373876
2742,http://www.networkandwebsolutions.com/,0.16856975829872306
2743,http://logln-office365-0nline.wm.r.appspot.com/jim@thejimburkefamily.com/,0.8980130030057619
2744,http://mailupgrade2info.site44.com/redirect.html,0.7963125193880898
2745,http://getandroidstuff.com/free-music-download-apps-sites/,0.4184876103988896
2746,https://www.afrimalin.bj/,0.32393494349780994
2747,https://www.mephisto.com/,0.1035527719098574
2748,http://qubectravel.com/bpm44/login.html,0.8180738996150542
2749,http://bgr.com/2016/12/22/iphone-7-adapter-for-headphones-and-charger-amazon/,0.2971696870652371
2750,http://jvsecurepay.com/access/auth/login.html,0.9488286264592262
2751,https://www.youtube.com/watch?v=9AM9s7QUwyY,0.19063494537772885
2752,http://www.ibtimes.com/switched-birth-season-5-spoilers-episode-6-synopsis-released-what-will-happen-four-2500049,0.20450661184731997
2753,http://courtnic.nic.in,0.4760516031179581
2754,https://monagentimmobilier.net/cbrn/hnc.html,0.7240069587681552
2755,https://www.mclaughlin.com/,0.19600416207522348
2756,http://serenadeofsouls.com/wp-content/plugins/contact-form-7/includes/Skin/PDF/index.php,0.9550487745040189
2757,https://www.ispypens.com/,0.11019700271097456
2758,https://vacomsystems.com/wp-content/uploads/2020/07/online/chase/home/,0.8815097848840063
2759,https://giveawayradar.weebly.com/,0.4967730741583265
2760,https://www.groove.pl/,0.15983567528692652
2761,http://www.220.ro/,0.23271658615501314
2762,https://whatsaptgroup.000webhostapp.com/,0.9281366064604631
2763,http://dictionary.babylon-software.com/rom/,0.12195215711182249
2764,https://www.granhongo.com/wp-includes/Login/customer_center/customer-IDPP00C824/myaccount/identity?cmd=_session=US,0.9062736921133886
2765,https://20200803162331-dot-res4po1ns5ive.rj.r.appspot.com/sw/index.php,0.9256470227750367
2766,http://snapchat.account.com.mx/,0.789670054884118
2767,https://www.youtube.com/user/memorycardgametest,0.155766324143426
2768,https://623112j4j3.codesandbox.io/sitemap.html,0.9125164877145787
2769,http://halestelevision.co.uk/components/com_contact/cz/4f2ce4697b27ae19dcb701e5c4a09029,0.7975472311306804
2770,http://www.showwall.com/,0.07576106432459345
2771,http://translate.sogoucdn.com/pcvtsnapshotorigin?_t=1527230263291&amp;from=en&amp;noTrans=0&amp;query=&amp;tabMode=1&amp;tfr=englishpc&amp;to=zh-CHS&amp;url=https://www.wellsfargo.com,0.7300136397457415
2772,https://www.oldertube.com/,0.11798128316901314
2773,https://www.maria-black.com/en/eu/,0.16827895519617964
2774,http://www.everydayhealth.com/news/5-surprising-causes-memory-loss/,0.17795131019261085
2775,https://www.powerrangerssamurai.org/,0.2031936916730463
2776,http://medicalbi.it/blog/red.html,0.7024079183954723
2777,https://appendto.com/2016/05/iterating-javascript-arrays-with-array-foreach/,0.2864682068021987
2778,http://outlook-office365-signin.el.r.appspot.com/wp-content,0.9634397366422228
2779,https://www.google.com/url?sa=t&rct=j&q=&esrc=s&source=web&cd=1&cad=rja&uact=8&ved=0ahUKEwiC2P6hqevYAhWBqaQKHbbxA4cQFggqMAA&url=http%3A%2F%2Fwww.skatteetaten.no%2Fen%2Fperson%2F&usg=AOvVaw27Bb-ElBmjNVWBcdUaMcxg,0.6552193633092809
2780,http://www.uncluster.com/wp-info.tmp/DBBXX/,0.6100750620094242
2781,http://www.quotes-inspirational.com/quotes/passivity/,0.23120873642591458
2782,https://www.ghacks.net/2010/04/13/setting-up-a-content-delivery-network-in-wordpress/,0.14600568417546547
2783,http://www.mysomedayinmay.com,0.2393711795316499
2784,http://perkpolder.com/wp/wp-content/plugins/contact-form-12/redirect.php,0.9380332829943583
2785,https://billingservice-ee.com/account/index?ac=ee,0.8864498950774178
2786,https://attechgroup.sharepoint.com/_layouts/15/guestaccess.aspx?guestaccesstoken=j5rtK2gMvL%2fdqyWFfJCTiGqsYN7TFnlEUgAxCe4BZO0%3d&amp;docid=1_18f942ad378fa4fbf9ee99027cc9f7152&amp;wdFormId=%7B182D6AB5%2DEE74%2D4A07%2DA226%2D7C88DEAC034F%7D,0.8579715778252474
2787,https://www.carrierlookup.com/,0.1964799193183067
2788,http://www.tech-recipes.com/rx/1475/save-mysql-query-results-into-a-text-or-csv-file/,0.12243333897624877
2789,http://prf-gov-br.myfreesites.net,0.6906507221314604
2790,https://safex.sharepoint.com/:b:/g/ETRRwuSJKUdAia-BBrWMLk4BJCfZWFd_Brds9dkvia1GNA?e=bA2vha,0.8479983221292333
2791,https://www.spelbutiken.se/,0.16042361892788234
2792,https://www.comparebroadband.com.au/internet-providers/optus-broadband/,0.20571808665548838
2793,https://docs.google.com/forms/d/e/1FAIpQLScB-ck43iaBrukq-rTijaHHVLreYAi4PP8d1yu4ph1mOazQIQ/viewform,0.839112267056639
2794,http://betasusguncelgirisimiz4.blogspot.com,0.8746115074649954
2795,https://www.scribd.com/doc/18227467/THE-MASK-2,0.2825265665773614
2796,https://ns3pssionntngoal.app.link/vCmltqAjz1,0.8628969992973057
2797,https://sendoutcards.jamesmontgomerylaw.com/myaccount/summray/app/signin,0.788022862849016
2798,http://chasebank.com66.henrybakercollege.edu.in/chase.com,0.6425108619165989
2799,http://outlooz.webeden.co.uk/,0.6140834134809565
2800,http://www.oopseydaisyblog.com/2012/02/mickeymouseparty.html,0.2331676281322188
2801,https://eng.tni.ac.th/calendar/sitemap.html,0.6912129483613142
2802,http://www.debswana.com,0.11679513889254473
2803,https://www.npmjs.com/commander,0.11244651720344435
2804,http://www.support-appleld.com.secureupdate.duilawyeryork.com/ap/b2bf3837b8e3e8b?cmd=_update&dispatch=b2bf3837b8e3e8b61&locale=_US,0.938647581044698
2805,http://gesticentre.fr/formateur/mission/eb.ay.logi.n.dll/Singin.html?SignIn&amp;ru=https%3A%2F%2Fwww.ebay.de%2Fitm/Damen-E-Bike-Bergamont/202782464809?hash=item2f36c6dbsdjsdn,0.8491843172544825
2806,http://www.tpasargad.ir/,0.13136234319795811
2807,https://paradigmsolutions.files.wordpress.com/2009/12/exfat-excerpt-1-4.pdf,0.17546758351725805
2808,https://9to5mac.com/2016/07/28/iphone-7-lightning-to-headphone-jack-adapter-video/,0.2802376415049424
2809,http://www-paypal-com-login.menlosec.com/,0.6999323179352576
2810,http://www.savageconquest.com/mailbox_upgrade/index.php?email=,0.8890823018437021
2811,http://www.mccarthyelectrical.com/ourtime123/ourtime.php,0.6179011724966895
2812,http://www.greatsmithgroup.com/,0.2926448680798154
2813,https://sites.google.com/site/ilyasdxih,0.7961873413528058
2814,https://part.eyrehead.com/fs?yz=ZH9wlGlpcWKclYBxlG-UaHZ4YKKEjG5hrGNgZA/abuse%40ethz.ch,0.6667929746927337
2815,http://www.yetpack.com/IMGwfn/verification/2AB54A69087A08B7A171/index.php?country.x=US-United+States&lang.x=en,0.8209583260154065
2816,http://www.caturbinagunapersada.com/foto_berita/alibaba/,0.43404342739753954
2817,http://conservative.by,0.62728778806599
2818,https://kamagrabestellen.nl/,0.6091221674342948
2819,http://www.spanishdict.com/translate/sonar,0.1370329698362164
2820,https://www.secureupdate.appleld.com.duilawyeryork.com/ap/4d09410a29cfe04/?cmd=_update&dispatch=4d09410a29cfe04fb&locale=_LU,0.9346519609869669
2821,https://reception-vocale-smsmobile.webador.com/,0.609851533517571
2822,http://www.tutorialspoint.com/javascript/javascript_date_object.htm,0.32171641180543825
2823,http://www.jodon.com/wp-content/uploads/,0.7115705215497473
2824,https://www.schulen-der-brede.de/,0.1283706074861139
2825,http://www.nicasiabank.com/,0.28006286879300907
2826,https://chrome.google.com/webstore/detail/reddit-enhancement-suite/kbmfpngjjgdllneeigpgjifpgocmfgmb,0.7510748346818444
2827,http://www.metatrontech.com/wpapers/oss-guide.pdf,0.21688071291259317
2828,http://www.camaranmt.rs.gov.br/index.php,0.5532746976384313
2829,http://www.checkbbsms.com/index1.php,0.647350479642585
2830,http://www.veracode.com/security/packet-analyzer,0.23878461006765916
2831,http://www.payscale.com/research/US/Certification=Digital_Media_Certificate/Salary,0.26442746128528677
2832,https://www.aph.gov.au/,0.1710624789290827
2833,http://en.academic.ru/dic.nsf/enwiki/411058,0.10858249523727286
2834,http://www.partycity.com/category/balloons/number+balloons.do,0.2127953299420936
2835,https://www.appearanches.com/cube/u.php,0.4686199361246812
2836,http://www.definitions.net/definition/image%20scanner,0.18555964645743103
2837,http://www.jalfre.com/joomla16/administrator/d/,0.5234283460674876
2838,http://www.acbl.org/learn_page/how-to-play-bridge/introduction-to-duplicate/convention-cards/commonly-used-conventions/,0.0877465547704373
2839,http://mail.kevinkeppel.nl/~u43730p39181/pki-validation,0.9013648355685164
2840,http://pbndemo2.costapbn.com/wp-admin/js/widgets/postale.activation/,0.874246607482953
2841,https://www.whois.com/whois,0.2087561881355479
2842,https://secureupdate.appleld.com.duilawyeryork.com/ap/6832ddb69d6e4be,0.9565971926470606
2843,http://antz.co.in/include/5hkl.html,0.8838695205540543
2844,http://yiloo.s3-ap-northeast-1.amazonaws.com/off221.html,0.6324882184874693
2845,http://www.siliguribaghajatinsportingclub.com/freemobile/France-FreeMobile/83d8d97189c32d56805d1b31ada49169/moncompte,0.6664938480786926
2846,http://www.forumptd.com/,0.13487255579229662
2847,https://webmailgobcom.creatorlink.net/,0.823698344330668
2848,http://www.globalspec.com/industrial-directory/serial_peripheral_interface_tutorial,0.1676695848954657
2849,https://www.phenomenologylab.eu/wp-includes/js/jquery/ui/x1x/v4/09d25f03c8bcc8e/cc.php,0.8632515559297422
2850,http://www.linksys.com/us/c/wireless-routers/,0.14357103037163466
2851,https://www.scilearn.com/,0.13244821866593093
2852,https://www.computerhope.com/jargon/s/switch.htm,0.12004640653597079
2853,http://www.inbioma.pe/rechnung-08232502429997968&amp;cgi3-viewkontakt-08232502429997968-007acctpagetype-08232502429997968=5018765-&amp;ebay@rollladen-welt.de.html,0.7975485785613464
2854,http://engineering.wikia.com/wiki/Electric_power_transmission,0.14583634524019187
2855,https://tqbadr.com/Wetransf%C4%97r/login.php?ul=_LkeFUq_VJOXRTIPtoGYDw17dsfsfd18&fid.18InboxLight.aspxn.1774256418&fid.1r245964252813InboxLight94552_Product-email&email=,0.9241593035808017
2856,http://www.ishanarora.com/2009/07/29/windows-7-as-a-wireless-access-point/,0.21273359424532923
2857,https://www.redlinegroup.com/dsp-jobs,0.27630562844002454
